Warehouse,Shop,Week,Vegetable,Value
M1,S1,1,Beetroot,0.841755
M1,S1,1,Cabbage,1.193485
M1,S1,1,Carrot,0.80155
M1,S1,1,Potato,1.596215
M1,S1,10,Beetroot,0.966195
M1,S1,10,Cabbage,0.929475
M1,S1,10,Carrot,0.95659
M1,S1,10,Potato,1.42902
M1,S1,11,Beetroot,0.966195
M1,S1,11,Cabbage,1.155575
M1,S1,11,Carrot,0.95659
M1,S1,11,Potato,1.496935
M1,S1,12,Beetroot,0.966025
M1,S1,12,Cabbage,1.16229
M1,S1,12,Carrot,0.873035
M1,S1,12,Potato,1.492175
M1,S1,13,Beetroot,0.899385
M1,S1,13,Cabbage,1.181415
M1,S1,13,Carrot,0.853825
M1,S1,13,Potato,1.57097
M1,S1,14,Beetroot,0.906695
M1,S1,14,Cabbage,1.167985
M1,S1,14,Carrot,0.855355
M1,S1,14,Potato,1.546405
M1,S1,15,Beetroot,0.871335
M1,S1,15,Cabbage,1.195525
M1,S1,15,Carrot,0.847195
M1,S1,15,Potato,1.574965
M1,S1,16,Beetroot,0.898535
M1,S1,16,Cabbage,1.193485
M1,S1,16,Carrot,0.84626
M1,S1,16,Potato,1.596215
M1,S1,17,Beetroot,0.866235
M1,S1,17,Cabbage,1.23233
M1,S1,17,Carrot,0.821695
M1,S1,17,Potato,1.61432
M1,S1,18,Beetroot,0.860285
M1,S1,18,Cabbage,1.236155
M1,S1,18,Carrot,0.81481
M1,S1,18,Potato,1.63914
M1,S1,19,Beetroot,0.83657
M1,S1,19,Cabbage,1.241255
M1,S1,19,Carrot,0.80189
M1,S1,19,Potato,1.654355
M1,S1,2,Beetroot,0.83657
M1,S1,2,Cabbage,1.195525
M1,S1,2,Carrot,0.80189
M1,S1,2,Potato,1.574965
M1,S1,20,Beetroot,0.841755
M1,S1,20,Cabbage,1.251795
M1,S1,20,Carrot,0.80155
M1,S1,20,Potato,1.67161
M1,S1,21,Beetroot,0.830195
M1,S1,21,Cabbage,1.26055
M1,S1,21,Carrot,0.78302
M1,S1,21,Potato,1.680365
M1,S1,22,Beetroot,0.835975
M1,S1,22,Cabbage,1.290555
M1,S1,22,Carrot,0.772735
M1,S1,22,Potato,1.69558
M1,S1,23,Beetroot,0.815745
M1,S1,23,Cabbage,1.30458
M1,S1,23,Carrot,0.769505
M1,S1,23,Potato,1.736125
M1,S1,24,Beetroot,0.81481
M1,S1,24,Cabbage,2.61154
M1,S1,24,Carrot,0.762535
M1,S1,24,Potato,1.70068
M1,S1,25,Beetroot,0.80954
M1,S1,25,Carrot,0.74834
M1,S1,25,Potato,1.74284
M1,S1,26,Beetroot,0.80155
M1,S1,26,Cabbage,1.306025
M1,S1,26,Carrot,0.7616
M1,S1,26,Potato,1.765535
M1,S1,27,Beetroot,0.78098
M1,S1,27,Cabbage,1.363145
M1,S1,27,Carrot,0.72947
M1,S1,27,Potato,1.77633
M1,S1,28,Beetroot,0.79679
M1,S1,28,Cabbage,1.34708
M1,S1,28,Carrot,0.735165
M1,S1,28,Potato,1.77684
M1,S1,29,Beetroot,0.779195
M1,S1,29,Cabbage,1.37649
M1,S1,29,Carrot,0.72811
M1,S1,29,Potato,1.80778
M1,S1,3,Beetroot,0.860285
M1,S1,3,Cabbage,1.167985
M1,S1,3,Carrot,0.81481
M1,S1,3,Potato,1.546405
M1,S1,30,Beetroot,0.755735
M1,S1,30,Cabbage,1.393745
M1,S1,30,Carrot,0.70601
M1,S1,30,Potato,1.833705
M1,S1,31,Beetroot,0.736865
M1,S1,31,Cabbage,1.42936
M1,S1,31,Carrot,0.686035
M1,S1,31,Potato,1.85368
M1,S1,32,Beetroot,0.744005
M1,S1,32,Cabbage,1.40148
M1,S1,32,Carrot,0.70567
M1,S1,32,Potato,1.891675
M1,S1,33,Beetroot,0.72743
M1,S1,33,Cabbage,1.59953
M1,S1,33,Carrot,0.685865
M1,S1,33,Potato,1.97455
M1,S1,34,Beetroot,0.723435
M1,S1,34,Cabbage,1.42987
M1,S1,34,Carrot,0.67881
M1,S1,34,Potato,1.91522
M1,S1,35,Beetroot,0.69258
M1,S1,35,Cabbage,1.42987
M1,S1,35,Carrot,0.59228
M1,S1,35,Potato,1.91522
M1,S1,36,Beetroot,0.685185
M1,S1,36,Cabbage,1.59953
M1,S1,36,Carrot,0.64838
M1,S1,36,Potato,1.97455
M1,S1,37,Beetroot,0.685185
M1,S1,37,Cabbage,1.40148
M1,S1,37,Carrot,0.64838
M1,S1,37,Potato,1.891675
M1,S1,38,Beetroot,0.69258
M1,S1,38,Cabbage,1.42936
M1,S1,38,Carrot,0.59228
M1,S1,38,Potato,3.687385
M1,S1,39,Beetroot,0.723435
M1,S1,39,Cabbage,1.393745
M1,S1,39,Carrot,0.67881
M1,S1,4,Beetroot,0.866235
M1,S1,4,Cabbage,1.181415
M1,S1,4,Carrot,0.821695
M1,S1,4,Potato,1.57097
M1,S1,40,Beetroot,0.72743
M1,S1,40,Cabbage,1.37649
M1,S1,40,Carrot,0.685865
M1,S1,40,Potato,1.80778
M1,S1,41,Beetroot,0.744005
M1,S1,41,Cabbage,1.34708
M1,S1,41,Carrot,0.70567
M1,S1,41,Potato,1.77684
M1,S1,42,Beetroot,0.736865
M1,S1,42,Cabbage,1.363145
M1,S1,42,Carrot,0.686035
M1,S1,42,Potato,1.77633
M1,S1,43,Beetroot,0.755735
M1,S1,43,Cabbage,1.306025
M1,S1,43,Carrot,0.70601
M1,S1,43,Potato,1.765535
M1,S1,44,Beetroot,0.779195
M1,S1,44,Cabbage,1.313845
M1,S1,44,Carrot,0.72811
M1,S1,44,Potato,1.74284
M1,S1,45,Beetroot,0.79679
M1,S1,45,Cabbage,1.297695
M1,S1,45,Carrot,0.735165
M1,S1,45,Potato,1.70068
M1,S1,46,Beetroot,0.78098
M1,S1,46,Cabbage,1.30458
M1,S1,46,Carrot,0.72947
M1,S1,46,Potato,1.736125
M1,S1,47,Beetroot,0.80155
M1,S1,47,Cabbage,1.290555
M1,S1,47,Carrot,0.7616
M1,S1,47,Potato,1.69558
M1,S1,48,Beetroot,0.80954
M1,S1,48,Cabbage,1.26055
M1,S1,48,Carrot,0.74834
M1,S1,48,Potato,1.680365
M1,S1,49,Beetroot,0.81481
M1,S1,49,Cabbage,1.251795
M1,S1,49,Carrot,0.762535
M1,S1,49,Potato,1.67161
M1,S1,5,Beetroot,0.898535
M1,S1,5,Cabbage,1.16229
M1,S1,5,Carrot,0.84626
M1,S1,5,Potato,1.492175
M1,S1,50,Beetroot,0.815745
M1,S1,50,Cabbage,1.241255
M1,S1,50,Carrot,0.769505
M1,S1,50,Potato,1.654355
M1,S1,51,Beetroot,0.835975
M1,S1,51,Cabbage,1.236155
M1,S1,51,Carrot,0.772735
M1,S1,51,Potato,1.63914
M1,S1,52,Beetroot,0.830195
M1,S1,52,Cabbage,1.23233
M1,S1,52,Carrot,0.78302
M1,S1,52,Potato,1.61432
M1,S1,6,Beetroot,0.871335
M1,S1,6,Cabbage,1.155575
M1,S1,6,Carrot,0.847195
M1,S1,6,Potato,1.496935
M1,S1,7,Beetroot,0.906695
M1,S1,7,Cabbage,0.929475
M1,S1,7,Carrot,0.855355
M1,S1,7,Potato,1.42902
M1,S1,8,Beetroot,0.899385
M1,S1,8,Cabbage,1.001725
M1,S1,8,Carrot,0.853825
M1,S1,8,Potato,1.45554
M1,S1,9,Beetroot,0.966025
M1,S1,9,Cabbage,1.001725
M1,S1,9,Carrot,0.873035
M1,S1,9,Potato,1.45554
M1,S10,1,Beetroot,1.60344
M1,S10,1,Cabbage,0.990845
M1,S10,1,Carrot,0.90831
M1,S10,1,Potato,1.31801
M1,S10,10,Beetroot,1.962055
M1,S10,10,Cabbage,0.934065
M1,S10,10,Carrot,1.000705
M1,S10,10,Potato,1.128375
M1,S10,11,Beetroot,1.962055
M1,S10,11,Cabbage,0.939335
M1,S10,11,Carrot,1.000705
M1,S10,11,Potato,1.27092
M1,S10,12,Beetroot,1.93035
M1,S10,12,Cabbage,0.950045
M1,S10,12,Carrot,1.03887
M1,S10,12,Potato,1.241425
M1,S10,13,Beetroot,1.691415
M1,S10,13,Cabbage,0.965855
M1,S10,13,Carrot,0.95268
M1,S10,13,Potato,1.302285
M1,S10,14,Beetroot,1.71088
M1,S10,14,Cabbage,0.972995
M1,S10,14,Carrot,0.99875
M1,S10,14,Potato,1.29268
M1,S10,15,Beetroot,1.665575
M1,S10,15,Cabbage,1.006315
M1,S10,15,Carrot,0.91953
M1,S10,15,Potato,1.31648
M1,S10,16,Beetroot,1.66005
M1,S10,16,Cabbage,0.990845
M1,S10,16,Carrot,0.946645
M1,S10,16,Potato,1.31801
M1,S10,17,Beetroot,1.614915
M1,S10,17,Cabbage,1.022975
M1,S10,17,Carrot,0.91137
M1,S10,17,Potato,1.320135
M1,S10,18,Beetroot,1.65376
M1,S10,18,Cabbage,1.019575
M1,S10,18,Carrot,0.91511
M1,S10,18,Potato,1.333395
M1,S10,19,Beetroot,1.59375
M1,S10,19,Cabbage,1.026885
M1,S10,19,Carrot,0.90576
M1,S10,19,Potato,1.36034
M1,S10,2,Beetroot,1.59375
M1,S10,2,Cabbage,1.006315
M1,S10,2,Carrot,0.90576
M1,S10,2,Potato,1.31648
M1,S10,20,Beetroot,1.60344
M1,S10,20,Cabbage,1.03275
M1,S10,20,Carrot,0.90831
M1,S10,20,Potato,1.34096
M1,S10,21,Beetroot,1.567145
M1,S10,21,Cabbage,1.04601
M1,S10,21,Carrot,0.877965
M1,S10,21,Potato,1.396465
M1,S10,22,Beetroot,1.59137
M1,S10,22,Cabbage,1.04754
M1,S10,22,Carrot,0.89981
M1,S10,22,Potato,1.406495
M1,S10,23,Beetroot,1.54292
M1,S10,23,Cabbage,1.06947
M1,S10,23,Carrot,0.8721
M1,S10,23,Potato,1.41355
M1,S10,24,Beetroot,1.546405
M1,S10,24,Cabbage,1.058675
M1,S10,24,Carrot,0.86972
M1,S10,24,Potato,1.42205
M1,S10,25,Beetroot,1.523795
M1,S10,25,Cabbage,1.08596
M1,S10,25,Carrot,0.85153
M1,S10,25,Potato,1.4348
M1,S10,26,Beetroot,1.50297
M1,S10,26,Cabbage,1.0999
M1,S10,26,Carrot,0.867
M1,S10,26,Potato,1.44602
M1,S10,27,Beetroot,1.494555
M1,S10,27,Cabbage,1.10483
M1,S10,27,Carrot,0.844815
M1,S10,27,Potato,1.45928
M1,S10,28,Beetroot,1.48325
M1,S10,28,Cabbage,1.10279
M1,S10,28,Carrot,0.848385
M1,S10,28,Potato,1.483505
M1,S10,29,Beetroot,1.445935
M1,S10,29,Cabbage,1.12149
M1,S10,29,Carrot,0.836145
M1,S10,29,Potato,1.56009
M1,S10,3,Beetroot,1.65376
M1,S10,3,Cabbage,0.972995
M1,S10,3,Carrot,0.91511
M1,S10,3,Potato,1.29268
M1,S10,30,Beetroot,1.456815
M1,S10,30,Cabbage,1.10959
M1,S10,30,Carrot,0.832915
M1,S10,30,Potato,1.545385
M1,S10,31,Beetroot,1.444575
M1,S10,31,Cabbage,1.137045
M1,S10,31,Carrot,0.797385
M1,S10,31,Potato,1.60599
M1,S10,32,Beetroot,1.444065
M1,S10,32,Cabbage,1.161185
M1,S10,32,Carrot,0.812175
M1,S10,32,Potato,1.56145
M1,S10,33,Beetroot,1.414995
M1,S10,33,Cabbage,1.16297
M1,S10,33,Carrot,0.77231
M1,S10,33,Potato,1.61483
M1,S10,34,Beetroot,1.34606
M1,S10,34,Cabbage,1.166625
M1,S10,34,Carrot,0.777155
M1,S10,34,Potato,1.85844
M1,S10,35,Beetroot,1.24525
M1,S10,35,Cabbage,1.166625
M1,S10,35,Carrot,0.667165
M1,S10,35,Potato,1.85844
M1,S10,36,Beetroot,1.314355
M1,S10,36,Cabbage,1.16297
M1,S10,36,Carrot,0.68765
M1,S10,36,Potato,1.61483
M1,S10,37,Beetroot,1.314355
M1,S10,37,Cabbage,1.161185
M1,S10,37,Carrot,0.68765
M1,S10,37,Potato,1.56145
M1,S10,38,Beetroot,1.24525
M1,S10,38,Cabbage,1.137045
M1,S10,38,Carrot,0.667165
M1,S10,38,Potato,1.60599
M1,S10,39,Beetroot,1.34606
M1,S10,39,Cabbage,1.10959
M1,S10,39,Carrot,0.777155
M1,S10,39,Potato,1.545385
M1,S10,4,Beetroot,1.614915
M1,S10,4,Cabbage,0.965855
M1,S10,4,Carrot,0.91137
M1,S10,4,Potato,1.302285
M1,S10,40,Beetroot,1.414995
M1,S10,40,Cabbage,1.12149
M1,S10,40,Carrot,0.77231
M1,S10,40,Potato,1.56009
M1,S10,41,Beetroot,1.444065
M1,S10,41,Cabbage,1.10279
M1,S10,41,Carrot,0.812175
M1,S10,41,Potato,1.483505
M1,S10,42,Beetroot,1.444575
M1,S10,42,Cabbage,1.10483
M1,S10,42,Carrot,0.797385
M1,S10,42,Potato,1.45928
M1,S10,43,Beetroot,1.456815
M1,S10,43,Cabbage,1.0999
M1,S10,43,Carrot,0.832915
M1,S10,43,Potato,1.44602
M1,S10,44,Beetroot,1.445935
M1,S10,44,Cabbage,1.08596
M1,S10,44,Carrot,0.836145
M1,S10,44,Potato,1.4348
M1,S10,45,Beetroot,1.48325
M1,S10,45,Cabbage,1.058675
M1,S10,45,Carrot,0.848385
M1,S10,45,Potato,1.42205
M1,S10,46,Beetroot,1.494555
M1,S10,46,Cabbage,1.06947
M1,S10,46,Carrot,0.844815
M1,S10,46,Potato,1.41355
M1,S10,47,Beetroot,1.50297
M1,S10,47,Cabbage,1.04754
M1,S10,47,Carrot,0.867
M1,S10,47,Potato,1.406495
M1,S10,48,Beetroot,1.523795
M1,S10,48,Cabbage,1.04601
M1,S10,48,Carrot,0.85153
M1,S10,48,Potato,1.396465
M1,S10,49,Beetroot,1.546405
M1,S10,49,Cabbage,1.03275
M1,S10,49,Carrot,0.86972
M1,S10,49,Potato,1.34096
M1,S10,5,Beetroot,1.66005
M1,S10,5,Cabbage,0.950045
M1,S10,5,Carrot,0.946645
M1,S10,5,Potato,1.241425
M1,S10,50,Beetroot,1.54292
M1,S10,50,Cabbage,1.026885
M1,S10,50,Carrot,0.8721
M1,S10,50,Potato,1.36034
M1,S10,51,Beetroot,1.59137
M1,S10,51,Cabbage,1.019575
M1,S10,51,Carrot,0.89981
M1,S10,51,Potato,2.65353
M1,S10,52,Beetroot,1.567145
M1,S10,52,Cabbage,1.022975
M1,S10,52,Carrot,0.877965
M1,S10,6,Beetroot,1.665575
M1,S10,6,Cabbage,0.939335
M1,S10,6,Carrot,0.91953
M1,S10,6,Potato,1.27092
M1,S10,7,Beetroot,1.71088
M1,S10,7,Cabbage,0.934065
M1,S10,7,Carrot,0.99875
M1,S10,7,Potato,1.128375
M1,S10,8,Beetroot,1.691415
M1,S10,8,Cabbage,0.843455
M1,S10,8,Carrot,0.95268
M1,S10,8,Potato,1.22298
M1,S10,9,Beetroot,1.93035
M1,S10,9,Cabbage,0.843455
M1,S10,9,Carrot,1.03887
M1,S10,9,Potato,1.22298
M1,S3,1,Beetroot,0.767805
M1,S3,1,Cabbage,2.911505
M1,S3,1,Carrot,1.06947
M1,S3,1,Potato,1.38805
M1,S3,10,Beetroot,0.90372
M1,S3,10,Cabbage,2.49254
M1,S3,10,Carrot,1.19697
M1,S3,10,Potato,1.27296
M1,S3,11,Beetroot,0.90372
M1,S3,11,Cabbage,2.77576
M1,S3,11,Carrot,1.19697
M1,S3,11,Potato,1.315035
M1,S3,12,Beetroot,0.898875
M1,S3,12,Cabbage,2.781285
M1,S3,12,Carrot,1.268115
M1,S3,12,Potato,1.327785
M1,S3,13,Beetroot,0.84133
M1,S3,13,Cabbage,2.89459
M1,S3,13,Carrot,1.17538
M1,S3,13,Potato,1.346485
M1,S3,14,Beetroot,0.82671
M1,S3,14,Cabbage,2.88388
M1,S3,14,Carrot,1.17011
M1,S3,14,Potato,1.37224
M1,S3,15,Beetroot,0.80223
M1,S3,15,Cabbage,2.954515
M1,S3,15,Carrot,1.1118
M1,S3,15,Potato,1.41593
M1,S3,16,Beetroot,0.808775
M1,S3,16,Cabbage,2.911505
M1,S3,16,Carrot,1.124805
M1,S3,16,Potato,1.38805
M1,S3,17,Beetroot,0.76942
M1,S3,17,Cabbage,2.974235
M1,S3,17,Carrot,1.08953
M1,S3,17,Potato,1.41678
M1,S3,18,Beetroot,0.784465
M1,S3,18,Cabbage,2.965055
M1,S3,18,Carrot,1.108485
M1,S3,18,Potato,1.420265
M1,S3,19,Beetroot,0.767635
M1,S3,19,Cabbage,3.01614
M1,S3,19,Carrot,1.06658
M1,S3,19,Potato,1.46965
M1,S3,2,Beetroot,0.767635
M1,S3,2,Cabbage,2.954515
M1,S3,2,Carrot,1.06658
M1,S3,2,Potato,1.41593
M1,S3,20,Beetroot,0.767805
M1,S3,20,Cabbage,3.047845
M1,S3,20,Carrot,1.06947
M1,S3,20,Potato,1.44517
M1,S3,21,Beetroot,0.745195
M1,S3,21,Cabbage,3.122135
M1,S3,21,Carrot,1.06437
M1,S3,21,Potato,1.496765
M1,S3,22,Beetroot,0.753525
M1,S3,22,Cabbage,3.151375
M1,S3,22,Carrot,1.049325
M1,S3,22,Potato,1.490815
M1,S3,23,Beetroot,0.74477
M1,S3,23,Cabbage,3.189285
M1,S3,23,Carrot,1.0251
M1,S3,23,Potato,1.559495
M1,S3,24,Beetroot,0.74103
M1,S3,24,Cabbage,3.198635
M1,S3,24,Carrot,1.03258
M1,S3,24,Potato,1.557115
M1,S3,25,Beetroot,0.735675
M1,S3,25,Cabbage,3.291115
M1,S3,25,Carrot,1.023995
M1,S3,25,Potato,1.5725
M1,S3,26,Beetroot,0.728365
M1,S3,26,Cabbage,3.22184
M1,S3,26,Carrot,1.01609
M1,S3,26,Potato,1.57879
M1,S3,27,Beetroot,0.693345
M1,S3,27,Cabbage,3.385805
M1,S3,27,Carrot,1.00164
M1,S3,27,Potato,1.61925
M1,S3,28,Beetroot,0.702865
M1,S3,28,Cabbage,3.3031
M1,S3,28,Carrot,1.003085
M1,S3,28,Potato,1.620865
M1,S3,29,Beetroot,0.68765
M1,S3,29,Cabbage,3.41955
M1,S3,29,Carrot,0.94027
M1,S3,29,Potato,1.677645
M1,S3,3,Beetroot,0.784465
M1,S3,3,Cabbage,2.88388
M1,S3,3,Carrot,1.108485
M1,S3,3,Potato,1.37224
M1,S3,30,Beetroot,0.66844
M1,S3,30,Cabbage,3.496305
M1,S3,30,Carrot,0.9724
M1,S3,30,Potato,1.67926
M1,S3,31,Beetroot,0.664615
M1,S3,31,Cabbage,3.65891
M1,S3,31,Carrot,0.930325
M1,S3,31,Potato,1.70119
M1,S3,32,Beetroot,0.662065
M1,S3,32,Cabbage,3.757
M1,S3,32,Carrot,0.93364
M1,S3,32,Potato,1.72958
M1,S3,33,Beetroot,0.61217
M1,S3,33,Cabbage,3.78403
M1,S3,33,Carrot,0.883235
M1,S3,33,Potato,1.82495
M1,S3,34,Beetroot,0.628915
M1,S3,34,Cabbage,3.8063
M1,S3,34,Carrot,0.8925
M1,S3,34,Potato,1.74488
M1,S3,35,Beetroot,0.601715
M1,S3,35,Cabbage,3.8063
M1,S3,35,Carrot,0.80478
M1,S3,35,Potato,1.74488
M1,S3,36,Beetroot,0.577915
M1,S3,36,Cabbage,3.78403
M1,S3,36,Carrot,0.805715
M1,S3,36,Potato,1.82495
M1,S3,37,Beetroot,0.577915
M1,S3,37,Cabbage,3.757
M1,S3,37,Carrot,0.805715
M1,S3,37,Potato,1.72958
M1,S3,38,Beetroot,0.601715
M1,S3,38,Cabbage,3.65891
M1,S3,38,Carrot,0.80478
M1,S3,38,Potato,1.70119
M1,S3,39,Beetroot,0.628915
M1,S3,39,Cabbage,3.496305
M1,S3,39,Carrot,0.8925
M1,S3,39,Potato,1.67926
M1,S3,4,Beetroot,0.76942
M1,S3,4,Cabbage,2.89459
M1,S3,4,Carrot,1.08953
M1,S3,4,Potato,1.346485
M1,S3,40,Beetroot,0.61217
M1,S3,40,Cabbage,3.41955
M1,S3,40,Carrot,0.883235
M1,S3,40,Potato,1.677645
M1,S3,41,Beetroot,0.662065
M1,S3,41,Cabbage,3.3031
M1,S3,41,Carrot,0.93364
M1,S3,41,Potato,1.620865
M1,S3,42,Beetroot,0.664615
M1,S3,42,Cabbage,3.385805
M1,S3,42,Carrot,0.930325
M1,S3,42,Potato,1.61925
M1,S3,43,Beetroot,0.66844
M1,S3,43,Cabbage,3.22184
M1,S3,43,Carrot,0.9724
M1,S3,43,Potato,1.57879
M1,S3,44,Beetroot,0.68765
M1,S3,44,Cabbage,3.291115
M1,S3,44,Carrot,0.94027
M1,S3,44,Potato,1.5725
M1,S3,45,Beetroot,0.702865
M1,S3,45,Cabbage,3.198635
M1,S3,45,Carrot,1.003085
M1,S3,45,Potato,1.557115
M1,S3,46,Beetroot,0.693345
M1,S3,46,Cabbage,3.189285
M1,S3,46,Carrot,1.00164
M1,S3,46,Potato,1.559495
M1,S3,47,Beetroot,0.728365
M1,S3,47,Cabbage,3.151375
M1,S3,47,Carrot,1.01609
M1,S3,47,Potato,1.490815
M1,S3,48,Beetroot,0.735675
M1,S3,48,Cabbage,3.122135
M1,S3,48,Carrot,1.023995
M1,S3,48,Potato,1.496765
M1,S3,49,Beetroot,0.74103
M1,S3,49,Cabbage,3.047845
M1,S3,49,Carrot,1.03258
M1,S3,49,Potato,1.44517
M1,S3,5,Beetroot,0.808775
M1,S3,5,Cabbage,2.781285
M1,S3,5,Carrot,1.124805
M1,S3,5,Potato,1.327785
M1,S3,50,Beetroot,0.74477
M1,S3,50,Cabbage,3.01614
M1,S3,50,Carrot,1.0251
M1,S3,50,Potato,1.46965
M1,S3,51,Beetroot,1.49872
M1,S3,51,Cabbage,2.965055
M1,S3,51,Carrot,1.049325
M1,S3,51,Potato,1.420265
M1,S3,52,Cabbage,2.974235
M1,S3,52,Carrot,1.06437
M1,S3,52,Potato,1.41678
M1,S3,6,Beetroot,0.80223
M1,S3,6,Cabbage,2.77576
M1,S3,6,Carrot,1.1118
M1,S3,6,Potato,1.315035
M1,S3,7,Beetroot,0.82671
M1,S3,7,Cabbage,2.49254
M1,S3,7,Carrot,1.17011
M1,S3,7,Potato,1.27296
M1,S3,8,Beetroot,0.84133
M1,S3,8,Cabbage,2.726205
M1,S3,8,Carrot,1.17538
M1,S3,8,Potato,1.265055
M1,S3,9,Beetroot,0.898875
M1,S3,9,Cabbage,2.726205
M1,S3,9,Carrot,1.268115
M1,S3,9,Potato,1.265055
M1,S4,1,Beetroot,1.74607
M1,S4,1,Cabbage,1.937065
M1,S4,1,Carrot,1.276785
M1,S4,1,Potato,2.169795
M1,S4,10,Beetroot,1.98815
M1,S4,10,Cabbage,1.685465
M1,S4,10,Carrot,1.430125
M1,S4,10,Potato,1.94803
M1,S4,11,Beetroot,1.98815
M1,S4,11,Cabbage,1.749215
M1,S4,11,Carrot,1.430125
M1,S4,11,Potato,1.993335
M1,S4,12,Beetroot,2.07774
M1,S4,12,Cabbage,1.784915
M1,S4,12,Carrot,1.343595
M1,S4,12,Potato,2.060825
M1,S4,13,Beetroot,1.96639
M1,S4,13,Cabbage,1.86065
M1,S4,13,Carrot,1.339685
M1,S4,13,Potato,2.0944
M1,S4,14,Beetroot,1.938085
M1,S4,14,Cabbage,1.868725
M1,S4,14,Carrot,1.32634
M1,S4,14,Potato,2.09015
M1,S4,15,Beetroot,1.840845
M1,S4,15,Cabbage,1.945735
M1,S4,15,Carrot,1.29829
M1,S4,15,Potato,2.16087
M1,S4,16,Beetroot,1.82665
M1,S4,16,Cabbage,1.937065
M1,S4,16,Carrot,1.314695
M1,S4,16,Potato,2.169795
M1,S4,17,Beetroot,1.814835
M1,S4,17,Cabbage,1.991975
M1,S4,17,Carrot,1.28452
M1,S4,17,Potato,2.22479
M1,S4,18,Beetroot,1.77446
M1,S4,18,Cabbage,1.981265
M1,S4,18,Carrot,1.284605
M1,S4,18,Potato,2.1896
M1,S4,19,Beetroot,1.736295
M1,S4,19,Cabbage,2.00787
M1,S4,19,Carrot,1.249075
M1,S4,19,Potato,2.26729
M1,S4,2,Beetroot,1.736295
M1,S4,2,Cabbage,1.945735
M1,S4,2,Carrot,1.249075
M1,S4,2,Potato,2.16087
M1,S4,20,Beetroot,1.74607
M1,S4,20,Cabbage,2.010505
M1,S4,20,Carrot,1.276785
M1,S4,20,Potato,2.26457
M1,S4,21,Beetroot,1.7238
M1,S4,21,Cabbage,2.024105
M1,S4,21,Carrot,1.227655
M1,S4,21,Potato,2.296785
M1,S4,22,Beetroot,1.73553
M1,S4,22,Cabbage,2.048925
M1,S4,22,Carrot,1.24168
M1,S4,22,Potato,2.300015
M1,S4,23,Beetroot,1.678325
M1,S4,23,Cabbage,2.050285
M1,S4,23,Carrot,1.19
M1,S4,23,Potato,2.34515
M1,S4,24,Beetroot,1.68147
M1,S4,24,Cabbage,2.066095
M1,S4,24,Carrot,1.2189
M1,S4,24,Potato,2.351015
M1,S4,25,Beetroot,1.656225
M1,S4,25,Cabbage,2.070175
M1,S4,25,Carrot,1.1832
M1,S4,25,Potato,2.39564
M1,S4,26,Beetroot,1.654695
M1,S4,26,Cabbage,2.069495
M1,S4,26,Carrot,1.164755
M1,S4,26,Potato,2.40618
M1,S4,27,Beetroot,1.62435
M1,S4,27,Cabbage,2.092105
M1,S4,27,Carrot,1.154385
M1,S4,27,Potato,2.43882
M1,S4,28,Beetroot,1.606925
M1,S4,28,Cabbage,2.084455
M1,S4,28,Carrot,1.1475
M1,S4,28,Potato,2.46466
M1,S4,29,Beetroot,1.578875
M1,S4,29,Cabbage,2.16138
M1,S4,29,Carrot,1.13169
M1,S4,29,Potato,2.493135
M1,S4,3,Beetroot,1.77446
M1,S4,3,Cabbage,1.868725
M1,S4,3,Carrot,1.284605
M1,S4,3,Potato,2.09015
M1,S4,30,Beetroot,1.596725
M1,S4,30,Cabbage,2.15067
M1,S4,30,Carrot,1.145035
M1,S4,30,Potato,2.495175
M1,S4,31,Beetroot,1.499655
M1,S4,31,Cabbage,2.18433
M1,S4,31,Carrot,1.113415
M1,S4,31,Potato,2.563005
M1,S4,32,Beetroot,1.470585
M1,S4,32,Cabbage,2.21765
M1,S4,32,Carrot,1.128715
M1,S4,32,Potato,2.55306
M1,S4,33,Beetroot,1.46795
M1,S4,33,Cabbage,2.307835
M1,S4,33,Carrot,1.09072
M1,S4,33,Potato,2.68209
M1,S4,34,Beetroot,1.45282
M1,S4,34,Cabbage,2.27477
M1,S4,34,Carrot,1.08069
M1,S4,34,Potato,2.591905
M1,S4,35,Beetroot,1.42511
M1,S4,35,Cabbage,2.27477
M1,S4,35,Carrot,1.071425
M1,S4,35,Potato,2.591905
M1,S4,36,Beetroot,1.35133
M1,S4,36,Cabbage,2.307835
M1,S4,36,Carrot,1.0676
M1,S4,36,Potato,2.68209
M1,S4,37,Beetroot,1.35133
M1,S4,37,Cabbage,2.21765
M1,S4,37,Carrot,1.0676
M1,S4,37,Potato,2.55306
M1,S4,38,Beetroot,1.42511
M1,S4,38,Cabbage,2.18433
M1,S4,38,Carrot,1.071425
M1,S4,38,Potato,2.563005
M1,S4,39,Beetroot,1.45282
M1,S4,39,Cabbage,2.15067
M1,S4,39,Carrot,1.08069
M1,S4,39,Potato,2.495175
M1,S4,4,Beetroot,1.814835
M1,S4,4,Cabbage,1.86065
M1,S4,4,Carrot,1.28452
M1,S4,4,Potato,2.0944
M1,S4,40,Beetroot,1.46795
M1,S4,40,Cabbage,2.16138
M1,S4,40,Carrot,1.09072
M1,S4,40,Potato,2.493135
M1,S4,41,Beetroot,1.470585
M1,S4,41,Cabbage,2.084455
M1,S4,41,Carrot,1.128715
M1,S4,41,Potato,2.46466
M1,S4,42,Beetroot,1.499655
M1,S4,42,Cabbage,2.092105
M1,S4,42,Carrot,1.113415
M1,S4,42,Potato,2.43882
M1,S4,43,Beetroot,1.596725
M1,S4,43,Cabbage,2.069495
M1,S4,43,Carrot,1.145035
M1,S4,43,Potato,2.40618
M1,S4,44,Beetroot,1.578875
M1,S4,44,Cabbage,2.070175
M1,S4,44,Carrot,1.13169
M1,S4,44,Potato,2.39564
M1,S4,45,Beetroot,1.606925
M1,S4,45,Cabbage,2.066095
M1,S4,45,Carrot,1.1475
M1,S4,45,Potato,2.351015
M1,S4,46,Beetroot,1.62435
M1,S4,46,Cabbage,2.050285
M1,S4,46,Carrot,1.154385
M1,S4,46,Potato,2.34515
M1,S4,47,Beetroot,1.654695
M1,S4,47,Cabbage,2.048925
M1,S4,47,Carrot,1.164755
M1,S4,47,Potato,2.300015
M1,S4,48,Beetroot,1.656225
M1,S4,48,Cabbage,2.024105
M1,S4,48,Carrot,1.1832
M1,S4,48,Potato,2.296785
M1,S4,49,Beetroot,1.68147
M1,S4,49,Cabbage,2.010505
M1,S4,49,Carrot,1.2189
M1,S4,49,Potato,2.26457
M1,S4,5,Beetroot,1.82665
M1,S4,5,Cabbage,1.784915
M1,S4,5,Carrot,1.314695
M1,S4,5,Potato,2.060825
M1,S4,50,Beetroot,1.678325
M1,S4,50,Cabbage,2.00787
M1,S4,50,Carrot,1.19
M1,S4,50,Potato,2.26729
M1,S4,51,Beetroot,1.73553
M1,S4,51,Cabbage,1.981265
M1,S4,51,Carrot,1.24168
M1,S4,51,Potato,2.1896
M1,S4,52,Beetroot,1.7238
M1,S4,52,Cabbage,1.991975
M1,S4,52,Carrot,1.227655
M1,S4,52,Potato,2.22479
M1,S4,6,Beetroot,1.840845
M1,S4,6,Cabbage,1.749215
M1,S4,6,Carrot,1.29829
M1,S4,6,Potato,1.993335
M1,S4,7,Beetroot,1.938085
M1,S4,7,Cabbage,1.685465
M1,S4,7,Carrot,1.32634
M1,S4,7,Potato,1.94803
M1,S4,8,Beetroot,1.96639
M1,S4,8,Cabbage,1.56468
M1,S4,8,Carrot,1.339685
M1,S4,8,Potato,1.7833
M1,S4,9,Beetroot,2.07774
M1,S4,9,Cabbage,1.56468
M1,S4,9,Carrot,1.343595
M1,S4,9,Potato,1.7833
M1,S5,1,Carrot,0.0373399999998369
M1,S5,11,Carrot,0.687735
M1,S5,12,Carrot,0.691985000000001
M1,S5,13,Carrot,0.644555
M1,S5,14,Carrot,0.654925
M1,S5,15,Carrot,0.64226
M1,S5,16,Carrot,0.632145
M1,S5,17,Carrot,0.6188
M1,S5,18,Carrot,0.627555
M1,S5,19,Carrot,0.584885
M1,S5,20,Carrot,0.59143
M1,S5,21,Carrot,0.579955
M1,S6,1,Carrot,1.0336
M1,S6,10,Carrot,1.13509
M1,S6,11,Carrot,1.13509
M1,S6,12,Carrot,1.15702
M1,S6,13,Carrot,1.121235
M1,S6,14,Carrot,1.101005
M1,S6,15,Carrot,1.088595
M1,S6,16,Carrot,1.07797
M1,S6,17,Carrot,1.04057
M1,S6,18,Carrot,1.03802
M1,S6,19,Carrot,1.03377
M1,S6,2,Carrot,1.03377
M1,S6,20,Carrot,1.0336
M1,S6,21,Carrot,0.969765
M1,S6,22,Carrot,0.961775
M1,S6,23,Carrot,0.95812
M1,S6,24,Carrot,0.95829
M1,S6,25,Carrot,0.94928
M1,S6,26,Cabbage,1.37139499999887
M1,S6,26,Carrot,0.938485
M1,S6,27,Cabbage,1.799705
M1,S6,27,Carrot,0.915535
M1,S6,28,Cabbage,1.788315
M1,S6,28,Carrot,0.924035
M1,S6,29,Cabbage,1.806335
M1,S6,29,Carrot,0.87958
M1,S6,3,Carrot,1.03802
M1,S6,30,Cabbage,1.814495
M1,S6,30,Carrot,0.9078
M1,S6,31,Cabbage,1.913605
M1,S6,31,Carrot,0.865555
M1,S6,32,Cabbage,1.897285
M1,S6,32,Carrot,0.87142
M1,S6,33,Cabbage,2.11548
M1,S6,33,Carrot,0.830365
M1,S6,34,Cabbage,2.028355
M1,S6,34,Carrot,0.84184
M1,S6,35,Cabbage,2.028355
M1,S6,35,Carrot,0.6953
M1,S6,36,Cabbage,2.11548
M1,S6,36,Carrot,0.801975
M1,S6,37,Cabbage,1.897285
M1,S6,37,Carrot,0.801975
M1,S6,38,Cabbage,1.913605
M1,S6,38,Carrot,0.6953
M1,S6,39,Cabbage,1.814495
M1,S6,39,Carrot,0.84184
M1,S6,4,Carrot,1.04057
M1,S6,40,Cabbage,1.806335
M1,S6,40,Carrot,0.830365
M1,S6,41,Cabbage,1.788315
M1,S6,41,Carrot,0.87142
M1,S6,42,Cabbage,1.799705
M1,S6,42,Carrot,0.865555
M1,S6,43,Cabbage,1.77667
M1,S6,43,Carrot,0.9078
M1,S6,44,Cabbage,1.757035
M1,S6,44,Carrot,0.87958
M1,S6,45,Cabbage,1.73502
M1,S6,45,Carrot,0.924035
M1,S6,46,Cabbage,1.70068
M1,S6,46,Carrot,0.915535
M1,S6,47,Cabbage,1.69218
M1,S6,47,Carrot,0.938485
M1,S6,48,Cabbage,1.68266
M1,S6,48,Carrot,0.94928
M1,S6,49,Cabbage,1.653505
M1,S6,49,Carrot,0.95829
M1,S6,5,Carrot,1.07797
M1,S6,50,Cabbage,1.61007
M1,S6,50,Carrot,0.95812
M1,S6,51,Cabbage,1.59052
M1,S6,51,Carrot,0.961775
M1,S6,52,Cabbage,1.569015
M1,S6,52,Carrot,0.969765
M1,S6,6,Carrot,1.088595
M1,S6,7,Carrot,1.101005
M1,S6,8,Carrot,1.121235
M1,S6,9,Carrot,1.15702
M1,S8,1,Beetroot,1.78925
M1,S8,1,Cabbage,1.139255
M1,S8,1,Carrot,0.64311
M1,S8,1,Potato,1.15549
M1,S8,10,Cabbage,0.99841
M1,S8,10,Carrot,0.711195
M1,S8,10,Potato,0.994755
M1,S8,11,Cabbage,1.071255
M1,S8,11,Carrot,0.711195
M1,S8,11,Potato,1.056805
M1,S8,12,Cabbage,1.06743
M1,S8,12,Carrot,0.702355
M1,S8,12,Potato,1.087575
M1,S8,13,Cabbage,1.097775
M1,S8,13,Carrot,0.697595
M1,S8,13,Potato,1.08885
M1,S8,14,Cabbage,1.126335
M1,S8,14,Carrot,0.678555
M1,S8,14,Potato,1.097095
M1,S8,15,Cabbage,1.141465
M1,S8,15,Carrot,0.66487
M1,S8,15,Potato,1.146905
M1,S8,16,Cabbage,1.139255
M1,S8,16,Carrot,0.66045
M1,S8,16,Potato,0.00255500000012243
M1,S8,17,Cabbage,1.183625
M1,S8,17,Carrot,0.65705
M1,S8,18,Cabbage,1.180565
M1,S8,18,Carrot,0.65773
M1,S8,19,Cabbage,1.19782
M1,S8,19,Carrot,0.639965
M1,S8,2,Beetroot,0.992485000000056
M1,S8,2,Cabbage,1.141465
M1,S8,2,Carrot,0.639965
M1,S8,2,Potato,1.146905
M1,S8,20,Cabbage,1.20275
M1,S8,20,Carrot,0.64311
M1,S8,21,Cabbage,1.21788
M1,S8,21,Carrot,0.631295
M1,S8,22,Cabbage,1.21788
M1,S8,22,Carrot,0.61574
M1,S8,23,Cabbage,1.23114
M1,S8,23,Carrot,0.600015
M1,S8,24,Cabbage,1.234115
M1,S8,24,Carrot,0.610045
M1,S8,24,Potato,1.238195
M1,S8,25,Cabbage,1.25409
M1,S8,25,Carrot,0.58599
M1,S8,25,Potato,1.28112
M1,S8,26,Cabbage,1.246355
M1,S8,26,Carrot,0.591345
M1,S8,26,Potato,1.26837
M1,S8,27,Cabbage,1.278825
M1,S8,27,Carrot,0.580635
M1,S8,27,Potato,1.32651
M1,S8,28,Cabbage,1.29863
M1,S8,28,Carrot,0.58004
M1,S8,28,Potato,1.325235
M1,S8,29,Cabbage,1.309765
M1,S8,29,Carrot,0.56644
M1,S8,29,Potato,1.328295
M1,S8,3,Cabbage,1.126335
M1,S8,3,Carrot,0.65773
M1,S8,3,Potato,1.097095
M1,S8,30,Cabbage,1.304665
M1,S8,30,Carrot,0.55964
M1,S8,30,Potato,1.33161
M1,S8,31,Cabbage,1.34368
M1,S8,31,Carrot,0.53431
M1,S8,31,Potato,1.363315
M1,S8,32,Cabbage,1.321495
M1,S8,32,Carrot,0.544425
M1,S8,32,Potato,1.380315
M1,S8,33,Cabbage,1.401055
M1,S8,33,Carrot,0.522835
M1,S8,33,Potato,1.488435
M1,S8,34,Cabbage,1.359745
M1,S8,34,Carrot,0.508215
M1,S8,34,Potato,1.417035
M1,S8,35,Cabbage,1.359745
M1,S8,35,Carrot,0.504645
M1,S8,35,Potato,1.417035
M1,S8,36,Cabbage,1.401055
M1,S8,36,Carrot,0.472175
M1,S8,36,Potato,1.488435
M1,S8,37,Cabbage,1.321495
M1,S8,37,Carrot,0.472175
M1,S8,37,Potato,1.380315
M1,S8,38,Cabbage,1.34368
M1,S8,38,Carrot,0.504645
M1,S8,38,Potato,1.363315
M1,S8,39,Cabbage,1.304665
M1,S8,39,Carrot,0.508215
M1,S8,39,Potato,1.33161
M1,S8,4,Cabbage,1.097775
M1,S8,4,Carrot,0.65705
M1,S8,4,Potato,1.08885
M1,S8,40,Cabbage,0.0285649999998165
M1,S8,40,Carrot,0.522835
M1,S8,40,Potato,1.328295
M1,S8,41,Carrot,0.544425
M1,S8,41,Potato,1.325235
M1,S8,42,Carrot,0.53431
M1,S8,42,Potato,1.32651
M1,S8,43,Carrot,0.55964
M1,S8,43,Potato,1.26837
M1,S8,44,Carrot,0.56644
M1,S8,44,Potato,1.28112
M1,S8,45,Carrot,0.58004
M1,S8,45,Potato,1.238195
M1,S8,46,Carrot,0.580635
M1,S8,46,Potato,1.268115
M1,S8,47,Carrot,0.591345
M1,S8,47,Potato,1.22655
M1,S8,48,Carrot,0.58599
M1,S8,48,Potato,1.232755
M1,S8,49,Carrot,0.610045
M1,S8,49,Potato,1.204025
M1,S8,5,Cabbage,1.06743
M1,S8,5,Carrot,0.66045
M1,S8,5,Potato,1.087575
M1,S8,50,Carrot,0.600015
M1,S8,50,Potato,1.21227
M1,S8,51,Carrot,0.61574
M1,S8,51,Potato,1.156765
M1,S8,52,Beetroot,1.764685
M1,S8,52,Cabbage,1.183625
M1,S8,52,Carrot,0.631295
M1,S8,52,Potato,1.165775
M1,S8,6,Cabbage,1.071255
M1,S8,6,Carrot,0.66487
M1,S8,6,Potato,1.056805
M1,S8,7,Cabbage,0.99841
M1,S8,7,Carrot,0.678555
M1,S8,7,Potato,0.994755
M1,S8,8,Cabbage,0.933725
M1,S8,8,Carrot,0.697595
M1,S8,8,Potato,1.026715
M1,S8,9,Cabbage,0.933725
M1,S8,9,Carrot,0.702355
M1,S8,9,Potato,1.026715
M2,S2,1,Beetroot,1.221025
M2,S2,1,Cabbage,1.020425
M2,S2,1,Carrot,0.905675
M2,S2,1,Potato,1.0404
M2,S2,10,Beetroot,1.38686
M2,S2,10,Cabbage,0.819485
M2,S2,10,Carrot,0.992715
M2,S2,10,Potato,0.893775
M2,S2,11,Beetroot,1.38686
M2,S2,11,Cabbage,0.953615
M2,S2,11,Carrot,0.992715
M2,S2,11,Potato,0.97597
M2,S2,12,Beetroot,1.44823
M2,S2,12,Cabbage,0.95744
M2,S2,12,Carrot,0.980985
M2,S2,12,Potato,0.97478
M2,S2,13,Beetroot,1.29931
M2,S2,13,Cabbage,0.9843
M2,S2,13,Carrot,0.970105
M2,S2,13,Potato,0.996625
M2,S2,14,Beetroot,1.335435
M2,S2,14,Cabbage,0.98243
M2,S2,14,Carrot,0.962795
M2,S2,14,Potato,0.97614
M2,S2,15,Beetroot,1.298885
M2,S2,15,Cabbage,1.01558
M2,S2,15,Carrot,0.92718
M2,S2,15,Potato,1.036915
M2,S2,16,Beetroot,1.25987
M2,S2,16,Cabbage,1.020425
M2,S2,16,Carrot,0.948345
M2,S2,16,Potato,1.0404
M2,S2,17,Beetroot,1.252475
M2,S2,17,Cabbage,1.03139
M2,S2,17,Carrot,0.922165
M2,S2,17,Potato,1.041165
M2,S2,18,Beetroot,1.238365
M2,S2,18,Cabbage,1.04941
M2,S2,18,Carrot,0.92157
M2,S2,18,Potato,1.04737
M2,S2,19,Beetroot,1.22281
M2,S2,19,Cabbage,1.061395
M2,S2,19,Carrot,0.887825
M2,S2,19,Potato,1.072955
M2,S2,2,Beetroot,1.22281
M2,S2,2,Cabbage,1.01558
M2,S2,2,Carrot,0.887825
M2,S2,2,Potato,1.036915
M2,S2,20,Beetroot,1.221025
M2,S2,20,Cabbage,1.05043
M2,S2,20,Carrot,0.905675
M2,S2,20,Potato,1.0506
M2,S2,21,Beetroot,1.21856
M2,S2,21,Cabbage,1.07151
M2,S2,21,Carrot,0.86326
M2,S2,21,Potato,1.09395
M2,S2,22,Beetroot,1.212015
M2,S2,22,Cabbage,1.09446
M2,S2,22,Carrot,0.85714
M2,S2,22,Potato,1.0897
M2,S2,23,Beetroot,1.20445
M2,S2,23,Cabbage,1.129395
M2,S2,23,Carrot,0.834955
M2,S2,23,Potato,1.142655
M2,S2,24,Beetroot,1.183795
M2,S2,24,Cabbage,1.116645
M2,S2,24,Carrot,0.83929
M2,S2,24,Potato,1.14257
M2,S2,25,Beetroot,1.17725
M2,S2,25,Cabbage,1.145035
M2,S2,25,Carrot,0.81855
M2,S2,25,Potato,1.14325
M2,S2,26,Beetroot,1.171895
M2,S2,26,Cabbage,1.135175
M2,S2,26,Carrot,0.799935
M2,S2,26,Potato,1.15702
M2,S2,27,Beetroot,1.1441
M2,S2,27,Cabbage,1.171215
M2,S2,27,Carrot,0.79764
M2,S2,27,Potato,1.168495
M2,S2,28,Beetroot,1.132965
M2,S2,28,Cabbage,1.16756
M2,S2,28,Carrot,0.788035
M2,S2,28,Potato,1.18796
M2,S2,29,Beetroot,1.124465
M2,S2,29,Cabbage,1.2002
M2,S2,29,Carrot,0.78064
M2,S2,29,Potato,1.199435
M2,S2,3,Beetroot,1.238365
M2,S2,3,Cabbage,0.98243
M2,S2,3,Carrot,0.92157
M2,S2,3,Potato,0.97614
M2,S2,30,Beetroot,1.10823
M2,S2,30,Cabbage,1.21244
M2,S2,30,Carrot,0.77486
M2,S2,30,Potato,1.19476
M2,S2,31,Beetroot,1.094885
M2,S2,31,Cabbage,1.21635
M2,S2,31,Carrot,0.763895
M2,S2,31,Potato,1.205045
M2,S2,32,Beetroot,1.101005
M2,S2,32,Cabbage,1.240405
M2,S2,32,Carrot,0.76602
M2,S2,32,Potato,1.20411
M2,S2,33,Beetroot,1.048135
M2,S2,33,Cabbage,1.27194
M2,S2,33,Carrot,0.73491
M2,S2,33,Potato,1.26157
M2,S2,34,Beetroot,1.050175
M2,S2,34,Cabbage,1.40148
M2,S2,34,Carrot,0.748
M2,S2,34,Potato,1.229695
M2,S2,35,Beetroot,1.022635
M2,S2,35,Cabbage,1.40148
M2,S2,35,Carrot,0.72369
M2,S2,35,Potato,1.229695
M2,S2,36,Beetroot,1.03785
M2,S2,36,Cabbage,1.27194
M2,S2,36,Carrot,0.73304
M2,S2,36,Potato,1.26157
M2,S2,37,Beetroot,1.03785
M2,S2,37,Cabbage,1.240405
M2,S2,37,Carrot,0.73304
M2,S2,37,Potato,1.20411
M2,S2,38,Beetroot,1.022635
M2,S2,38,Cabbage,1.21635
M2,S2,38,Carrot,0.72369
M2,S2,38,Potato,1.205045
M2,S2,39,Beetroot,1.050175
M2,S2,39,Cabbage,1.21244
M2,S2,39,Carrot,0.748
M2,S2,39,Potato,1.19476
M2,S2,4,Beetroot,1.252475
M2,S2,4,Cabbage,0.9843
M2,S2,4,Carrot,0.922165
M2,S2,4,Potato,0.996625
M2,S2,40,Beetroot,1.048135
M2,S2,40,Cabbage,1.2002
M2,S2,40,Carrot,0.73491
M2,S2,40,Potato,1.199435
M2,S2,41,Beetroot,1.101005
M2,S2,41,Cabbage,1.16756
M2,S2,41,Carrot,0.76602
M2,S2,41,Potato,1.18796
M2,S2,42,Beetroot,1.094885
M2,S2,42,Cabbage,1.171215
M2,S2,42,Carrot,0.763895
M2,S2,42,Potato,1.168495
M2,S2,43,Beetroot,1.10823
M2,S2,43,Cabbage,1.135175
M2,S2,43,Carrot,0.77486
M2,S2,43,Potato,1.15702
M2,S2,44,Beetroot,1.124465
M2,S2,44,Cabbage,1.145035
M2,S2,44,Carrot,0.78064
M2,S2,44,Potato,1.14325
M2,S2,45,Beetroot,1.132965
M2,S2,45,Cabbage,1.116645
M2,S2,45,Carrot,0.788035
M2,S2,45,Potato,1.14257
M2,S2,46,Beetroot,1.1441
M2,S2,46,Cabbage,1.129395
M2,S2,46,Carrot,0.79764
M2,S2,46,Potato,1.142655
M2,S2,47,Beetroot,1.171895
M2,S2,47,Cabbage,1.09446
M2,S2,47,Carrot,0.799935
M2,S2,47,Potato,1.0897
M2,S2,48,Beetroot,1.17725
M2,S2,48,Cabbage,1.07151
M2,S2,48,Carrot,0.81855
M2,S2,48,Potato,1.09395
M2,S2,49,Beetroot,1.183795
M2,S2,49,Cabbage,1.05043
M2,S2,49,Carrot,0.83929
M2,S2,49,Potato,1.0506
M2,S2,5,Beetroot,1.25987
M2,S2,5,Cabbage,0.95744
M2,S2,5,Carrot,0.948345
M2,S2,5,Potato,0.97478
M2,S2,50,Beetroot,1.20445
M2,S2,50,Cabbage,1.061395
M2,S2,50,Carrot,0.834955
M2,S2,50,Potato,1.072955
M2,S2,51,Beetroot,1.212015
M2,S2,51,Cabbage,1.04941
M2,S2,51,Carrot,0.85714
M2,S2,51,Potato,1.04737
M2,S2,52,Beetroot,1.21856
M2,S2,52,Cabbage,1.03139
M2,S2,52,Carrot,0.86326
M2,S2,52,Potato,1.041165
M2,S2,6,Beetroot,1.298885
M2,S2,6,Cabbage,0.953615
M2,S2,6,Carrot,0.92718
M2,S2,6,Potato,0.97597
M2,S2,7,Beetroot,1.335435
M2,S2,7,Cabbage,0.819485
M2,S2,7,Carrot,0.962795
M2,S2,7,Potato,0.893775
M2,S2,8,Beetroot,1.29931
M2,S2,8,Cabbage,0.905845
M2,S2,8,Carrot,0.970105
M2,S2,8,Potato,0.932195
M2,S2,9,Beetroot,1.44823
M2,S2,9,Cabbage,0.905845
M2,S2,9,Carrot,0.980985
M2,S2,9,Potato,0.932195
M2,S5,1,Beetroot,1.727455
M2,S5,1,Cabbage,0.87499
M2,S5,1,Carrot,0.554090000000163
M2,S5,1,Potato,1.018045
M2,S5,10,Beetroot,1.843225
M2,S5,10,Cabbage,0.929475
M2,S5,10,Carrot,0.687734999999862
M2,S5,10,Potato,0.7718
M2,S5,11,Beetroot,1.843225
M2,S5,11,Cabbage,0.93296
M2,S5,11,Potato,0.93313
M2,S5,12,Beetroot,1.88309
M2,S5,12,Cabbage,0.964325
M2,S5,12,Potato,0.951915
M2,S5,13,Beetroot,1.840335
M2,S5,13,Cabbage,0.963985
M2,S5,13,Potato,0.983109999999998
M2,S5,14,Beetroot,1.83719
M2,S5,14,Cabbage,1.004445
M2,S5,14,Potato,1.00946
M2,S5,15,Beetroot,1.779135
M2,S5,15,Cabbage,0.99824
M2,S5,15,Potato,1.02306
M2,S5,16,Beetroot,1.770295
M2,S5,16,Cabbage,1.01354
M2,S5,16,Potato,1.018045
M2,S5,17,Beetroot,1.76868
M2,S5,17,Cabbage,1.006825
M2,S5,17,Potato,1.038445
M2,S5,18,Beetroot,1.744795
M2,S5,18,Cabbage,1.02833
M2,S5,18,Potato,1.039805
M2,S5,19,Beetroot,1.72516
M2,S5,19,Cabbage,1.04907
M2,S5,19,Potato,1.06165
M2,S5,2,Beetroot,1.72516
M2,S5,2,Cabbage,1.006825
M2,S5,2,Carrot,0.584885
M2,S5,2,Potato,1.02306
M2,S5,20,Beetroot,1.727455
M2,S5,20,Cabbage,1.07202
M2,S5,20,Potato,1.0659
M2,S5,21,Beetroot,1.718955
M2,S5,21,Cabbage,1.060885
M2,S5,21,Potato,1.076355
M2,S5,22,Beetroot,1.69575
M2,S5,22,Cabbage,1.073295
M2,S5,22,Carrot,0.58004
M2,S5,22,Potato,1.07457
M2,S5,23,Beetroot,1.65087
M2,S5,23,Cabbage,1.07729
M2,S5,23,Carrot,0.569075
M2,S5,23,Potato,1.091825
M2,S5,24,Beetroot,1.662855
M2,S5,24,Cabbage,1.098965
M2,S5,24,Carrot,0.56678
M2,S5,24,Potato,1.081115
M2,S5,25,Beetroot,1.62367
M2,S5,25,Cabbage,1.12166
M2,S5,25,Carrot,0.56576
M2,S5,25,Potato,1.108315
M2,S5,26,Beetroot,1.605905
M2,S5,26,Cabbage,1.13764
M2,S5,26,Carrot,0.5542
M2,S5,26,Potato,1.10262
M2,S5,27,Beetroot,1.57029
M2,S5,27,Cabbage,1.12251
M2,S5,27,Carrot,0.55369
M2,S5,27,Potato,1.141295
M2,S5,28,Beetroot,1.597915
M2,S5,28,Cabbage,1.147755
M2,S5,28,Carrot,0.54026
M2,S5,28,Potato,1.145715
M2,S5,29,Beetroot,1.547
M2,S5,29,Cabbage,1.16297
M2,S5,29,Carrot,0.518245
M2,S5,29,Potato,1.165265
M2,S5,3,Beetroot,1.744795
M2,S5,3,Cabbage,1.01354
M2,S5,3,Carrot,0.627555
M2,S5,3,Potato,1.00946
M2,S5,30,Beetroot,1.56893
M2,S5,30,Cabbage,1.1985
M2,S5,30,Carrot,0.535415
M2,S5,30,Potato,1.16671
M2,S5,31,Beetroot,1.53425
M2,S5,31,Cabbage,1.1985
M2,S5,31,Carrot,0.511275
M2,S5,31,Potato,1.18983
M2,S5,32,Beetroot,1.51385
M2,S5,32,Cabbage,1.214905
M2,S5,32,Carrot,0.51578
M2,S5,32,Potato,1.19051
M2,S5,33,Beetroot,1.494555
M2,S5,33,Cabbage,1.21907
M2,S5,33,Carrot,0.49249
M2,S5,33,Potato,1.42545
M2,S5,34,Beetroot,1.508155
M2,S5,34,Cabbage,1.233265
M2,S5,34,Carrot,0.504985
M2,S5,34,Potato,1.30611
M2,S5,35,Beetroot,1.31104
M2,S5,35,Cabbage,1.48274
M2,S5,35,Carrot,0.457045
M2,S5,35,Potato,1.30611
M2,S5,36,Beetroot,1.393405
M2,S5,36,Cabbage,1.48274
M2,S5,36,Carrot,0.45033
M2,S5,36,Potato,1.42545
M2,S5,37,Beetroot,1.393405
M2,S5,37,Cabbage,1.233265
M2,S5,37,Carrot,0.45033
M2,S5,37,Potato,1.19051
M2,S5,38,Beetroot,1.31104
M2,S5,38,Cabbage,1.21907
M2,S5,38,Carrot,0.457045
M2,S5,38,Potato,1.18983
M2,S5,39,Beetroot,1.508155
M2,S5,39,Cabbage,1.214905
M2,S5,39,Carrot,0.504985
M2,S5,39,Potato,1.16671
M2,S5,4,Beetroot,1.76868
M2,S5,4,Cabbage,0.99824
M2,S5,4,Carrot,0.6188
M2,S5,4,Potato,0.98311
M2,S5,40,Beetroot,0.949250000000334
M2,S5,40,Cabbage,1.1985
M2,S5,40,Carrot,0.49249
M2,S5,40,Potato,1.165265
M2,S5,41,Cabbage,1.1985
M2,S5,41,Carrot,0.51578
M2,S5,41,Potato,1.145715
M2,S5,42,Cabbage,1.16297
M2,S5,42,Carrot,0.511275
M2,S5,42,Potato,1.141295
M2,S5,43,Cabbage,1.147755
M2,S5,43,Carrot,0.535415
M2,S5,43,Potato,1.10262
M2,S5,44,Cabbage,1.12251
M2,S5,44,Carrot,0.518245
M2,S5,44,Potato,1.108315
M2,S5,45,Cabbage,1.13764
M2,S5,45,Carrot,0.54026
M2,S5,45,Potato,1.081115
M2,S5,46,Cabbage,1.12166
M2,S5,46,Carrot,0.55369
M2,S5,46,Potato,1.091825
M2,S5,47,Cabbage,1.098965
M2,S5,47,Carrot,0.5542
M2,S5,47,Potato,1.07457
M2,S5,48,Cabbage,1.07729
M2,S5,48,Carrot,0.56576
M2,S5,48,Potato,1.076355
M2,S5,49,Cabbage,1.073295
M2,S5,49,Carrot,0.56678
M2,S5,49,Potato,1.0659
M2,S5,5,Beetroot,1.770295
M2,S5,5,Cabbage,1.004445
M2,S5,5,Carrot,0.632145
M2,S5,5,Potato,0.951915
M2,S5,50,Cabbage,1.060885
M2,S5,50,Carrot,0.569075
M2,S5,50,Potato,1.06165
M2,S5,51,Cabbage,1.07202
M2,S5,51,Carrot,0.58004
M2,S5,51,Potato,1.039805
M2,S5,52,Beetroot,1.718955
M2,S5,52,Cabbage,1.04907
M2,S5,52,Carrot,0.579955
M2,S5,52,Potato,1.038445
M2,S5,6,Beetroot,1.779135
M2,S5,6,Cabbage,0.963985
M2,S5,6,Carrot,0.64226
M2,S5,6,Potato,0.93313
M2,S5,7,Beetroot,1.83719
M2,S5,7,Cabbage,0.964325
M2,S5,7,Carrot,0.654925
M2,S5,7,Potato,0.7718
M2,S5,8,Beetroot,1.840335
M2,S5,8,Cabbage,0.93296
M2,S5,8,Carrot,0.644555
M2,S5,8,Potato,0.91426
M2,S5,9,Beetroot,1.88309
M2,S5,9,Cabbage,0.929475
M2,S5,9,Carrot,0.691985
M2,S5,9,Potato,0.91426
M2,S8,10,Beetroot,2.084795
M2,S8,11,Beetroot,2.084795
M2,S8,12,Beetroot,2.11038
M2,S8,13,Beetroot,1.89771
M2,S8,14,Beetroot,1.896945
M2,S8,15,Beetroot,1.885725
M2,S8,16,Beetroot,1.89329
M2,S8,16,Potato,1.15293499999988
M2,S8,17,Beetroot,1.831665
M2,S8,17,Potato,1.165775
M2,S8,18,Beetroot,1.85113
M2,S8,18,Potato,1.156765
M2,S8,19,Beetroot,1.792225
M2,S8,19,Potato,1.21227
M2,S8,2,Beetroot,0.799739999999943
M2,S8,20,Beetroot,1.78925
M2,S8,20,Potato,1.204025
M2,S8,21,Beetroot,1.764685
M2,S8,21,Potato,1.232755
M2,S8,22,Beetroot,1.764005
M2,S8,22,Potato,1.22655
M2,S8,23,Beetroot,1.72516
M2,S8,23,Potato,1.268115
M2,S8,24,Beetroot,1.719125
M2,S8,25,Beetroot,1.706035
M2,S8,26,Beetroot,1.70714
M2,S8,27,Beetroot,1.684615
M2,S8,28,Beetroot,1.676625
M2,S8,29,Beetroot,1.64254
M2,S8,3,Beetroot,1.85113
M2,S8,30,Beetroot,1.66804
M2,S8,31,Beetroot,1.633955
M2,S8,32,Beetroot,1.627155
M2,S8,33,Beetroot,1.59052
M2,S8,34,Beetroot,1.58644
M2,S8,35,Beetroot,1.353285
M2,S8,36,Beetroot,1.51096
M2,S8,37,Beetroot,1.51096
M2,S8,38,Beetroot,1.353285
M2,S8,39,Beetroot,1.58644
M2,S8,4,Beetroot,1.831665
M2,S8,40,Beetroot,1.59052
M2,S8,40,Cabbage,1.28120000000018
M2,S8,41,Beetroot,1.627155
M2,S8,41,Cabbage,1.29863
M2,S8,42,Beetroot,1.633955
M2,S8,42,Cabbage,1.278825
M2,S8,43,Beetroot,1.66804
M2,S8,43,Cabbage,1.246355
M2,S8,44,Beetroot,1.64254
M2,S8,44,Cabbage,1.25409
M2,S8,45,Beetroot,1.676625
M2,S8,45,Cabbage,1.234115
M2,S8,46,Beetroot,1.684615
M2,S8,46,Cabbage,1.23114
M2,S8,47,Beetroot,1.70714
M2,S8,47,Cabbage,1.21788
M2,S8,48,Beetroot,1.706035
M2,S8,48,Cabbage,1.21788
M2,S8,49,Beetroot,1.719125
M2,S8,49,Cabbage,1.20275
M2,S8,5,Beetroot,1.89329
M2,S8,50,Beetroot,1.72516
M2,S8,50,Cabbage,1.19782
M2,S8,51,Beetroot,1.764005
M2,S8,51,Cabbage,1.180565
M2,S8,6,Beetroot,1.885725
M2,S8,7,Beetroot,1.896945
M2,S8,8,Beetroot,1.89771
M2,S8,9,Beetroot,2.11038
M3,S5,40,Beetroot,0.545304999999666
M3,S5,41,Beetroot,1.51385
M3,S5,42,Beetroot,1.53425
M3,S5,43,Beetroot,1.56893
M3,S5,44,Beetroot,1.547
M3,S5,45,Beetroot,1.597915
M3,S5,46,Beetroot,1.57029
M3,S5,47,Beetroot,1.605905
M3,S5,48,Beetroot,1.62367
M3,S5,49,Beetroot,1.662855
M3,S5,50,Beetroot,1.65087
M3,S5,51,Beetroot,1.69575
M3,S6,1,Beetroot,1.435055
M3,S6,1,Cabbage,1.554225
M3,S6,1,Potato,3.04929
M3,S6,10,Beetroot,1.65512
M3,S6,10,Cabbage,1.16263
M3,S6,10,Potato,2.638995
M3,S6,11,Beetroot,1.65512
M3,S6,11,Cabbage,1.50144
M3,S6,11,Potato,2.8968
M3,S6,12,Beetroot,1.60582
M3,S6,12,Cabbage,1.46064
M3,S6,12,Potato,2.812905
M3,S6,13,Beetroot,1.551505
M3,S6,13,Cabbage,1.50841
M3,S6,13,Potato,3.025575
M3,S6,14,Beetroot,1.545895
M3,S6,14,Cabbage,1.53220999999906
M3,S6,14,Potato,3.01597
M3,S6,15,Beetroot,1.47186
M3,S6,15,Cabbage,1.541475
M3,S6,15,Potato,3.104625
M3,S6,16,Beetroot,1.49124
M3,S6,16,Cabbage,1.554225
M3,S6,16,Potato,3.04929
M3,S6,17,Beetroot,1.441685
M3,S6,17,Cabbage,1.569015
M3,S6,17,Potato,3.132845
M3,S6,18,Beetroot,1.45027
M3,S6,18,Cabbage,1.59052000000001
M3,S6,18,Potato,3.146615
M3,S6,19,Beetroot,1.411595
M3,S6,19,Cabbage,1.61007
M3,S6,19,Potato,3.22677
M3,S6,2,Beetroot,1.411595
M3,S6,2,Cabbage,1.541475
M3,S6,2,Potato,3.104625
M3,S6,20,Beetroot,1.435055
M3,S6,20,Cabbage,1.653505
M3,S6,20,Potato,3.231955
M3,S6,21,Beetroot,1.39689
M3,S6,21,Cabbage,1.68266
M3,S6,21,Potato,3.33472
M3,S6,22,Beetroot,1.394425
M3,S6,22,Cabbage,1.69218
M3,S6,22,Potato,3.253375
M3,S6,23,Beetroot,1.36493
M3,S6,23,Cabbage,1.70068
M3,S6,23,Potato,3.359625
M3,S6,24,Beetroot,1.369265
M3,S6,24,Cabbage,1.73502
M3,S6,24,Potato,3.38028
M3,S6,25,Beetroot,1.347845
M3,S6,25,Cabbage,1.757035
M3,S6,25,Potato,3.41445
M3,S6,26,Beetroot,1.33858
M3,S6,26,Cabbage,0.405275000001132
M3,S6,26,Potato,3.393115
M3,S6,27,Beetroot,1.332545
M3,S6,27,Potato,3.483385
M3,S6,28,Beetroot,1.334075
M3,S6,28,Potato,3.444965
M3,S6,29,Beetroot,1.3073
M3,S6,29,Potato,3.628055
M3,S6,3,Beetroot,1.45027
M3,S6,3,Cabbage,1.53221
M3,S6,3,Potato,3.01597
M3,S6,30,Beetroot,1.305005
M3,S6,30,Potato,3.56813
M3,S6,31,Beetroot,1.28588
M3,S6,31,Potato,3.72334
M3,S6,32,Beetroot,1.294975
M3,S6,32,Potato,3.714585
M3,S6,33,Beetroot,1.20632
M3,S6,33,Potato,3.77094
M3,S6,34,Beetroot,1.17674
M3,S6,34,Potato,3.848375
M3,S6,35,Beetroot,1.064965
M3,S6,35,Potato,3.848375
M3,S6,36,Beetroot,1.076185
M3,S6,36,Potato,3.77094
M3,S6,37,Beetroot,1.076185
M3,S6,37,Potato,3.714585
M3,S6,38,Beetroot,1.064965
M3,S6,38,Potato,3.72334
M3,S6,39,Beetroot,1.17674
M3,S6,39,Potato,3.56813
M3,S6,4,Beetroot,1.441685
M3,S6,4,Cabbage,1.50841
M3,S6,4,Potato,3.025575
M3,S6,40,Beetroot,1.20632
M3,S6,40,Potato,3.628055
M3,S6,41,Beetroot,1.294975
M3,S6,41,Potato,3.444965
M3,S6,42,Beetroot,1.28588
M3,S6,42,Potato,3.483385
M3,S6,43,Beetroot,1.305005
M3,S6,43,Potato,3.393115
M3,S6,44,Beetroot,1.3073
M3,S6,44,Potato,3.41445
M3,S6,45,Beetroot,1.334075
M3,S6,45,Potato,3.38028
M3,S6,46,Beetroot,1.332545
M3,S6,46,Potato,3.359625
M3,S6,47,Beetroot,1.33858
M3,S6,47,Potato,3.253375
M3,S6,48,Beetroot,1.347845
M3,S6,48,Potato,3.33472
M3,S6,49,Beetroot,1.369265
M3,S6,49,Potato,3.231955
M3,S6,5,Beetroot,1.49124
M3,S6,5,Cabbage,1.46064
M3,S6,5,Potato,2.812905
M3,S6,50,Beetroot,1.36493
M3,S6,50,Potato,3.22677
M3,S6,51,Beetroot,1.394425
M3,S6,51,Potato,3.146615
M3,S6,52,Beetroot,1.39689
M3,S6,52,Potato,3.132845
M3,S6,6,Beetroot,1.47186
M3,S6,6,Cabbage,1.50144
M3,S6,6,Potato,2.8968
M3,S6,7,Beetroot,1.545895
M3,S6,7,Cabbage,1.16263
M3,S6,7,Potato,2.638995
M3,S6,8,Beetroot,1.551505
M3,S6,8,Cabbage,1.324215
M3,S6,8,Potato,2.586295
M3,S6,9,Beetroot,1.60582
M3,S6,9,Cabbage,1.324215
M3,S6,9,Potato,2.586295
M3,S7,1,Beetroot,1.16076
M3,S7,1,Cabbage,1.32158
M3,S7,1,Carrot,0.71757
M3,S7,1,Potato,1.79027
M3,S7,10,Beetroot,1.30152
M3,S7,10,Cabbage,1.211335
M3,S7,10,Carrot,0.817955
M3,S7,10,Potato,1.59919
M3,S7,11,Beetroot,1.30152
M3,S7,11,Cabbage,1.24202
M3,S7,11,Carrot,0.817955
M3,S7,11,Potato,1.65903
M3,S7,12,Beetroot,1.286475
M3,S7,12,Cabbage,1.26735
M3,S7,12,Carrot,0.86122
M3,S7,12,Potato,1.605735
M3,S7,13,Beetroot,1.24984
M3,S7,13,Cabbage,1.288345
M3,S7,13,Carrot,0.77418
M3,S7,13,Potato,1.7255
M3,S7,14,Beetroot,1.224595
M3,S7,14,Cabbage,1.316565
M3,S7,14,Carrot,0.77673
M3,S7,14,Potato,1.66328
M3,S7,15,Beetroot,1.17912
M3,S7,15,Cabbage,1.32838
M3,S7,15,Carrot,0.759645
M3,S7,15,Potato,1.7612
M3,S7,16,Beetroot,1.202835
M3,S7,16,Cabbage,1.32158
M3,S7,16,Carrot,0.76075
M3,S7,16,Potato,1.79027
M3,S7,17,Beetroot,1.167475
M3,S7,17,Cabbage,1.35422
M3,S7,17,Carrot,0.748255
M3,S7,17,Potato,1.836935
M3,S7,18,Beetroot,1.16739
M3,S7,18,Cabbage,1.34215
M3,S7,18,Carrot,0.75922
M3,S7,18,Potato,1.819085
M3,S7,19,Beetroot,1.15991
M3,S7,19,Cabbage,1.39043
M3,S7,19,Carrot,0.72301
M3,S7,19,Potato,1.865155
M3,S7,2,Beetroot,1.15991
M3,S7,2,Cabbage,1.32838
M3,S7,2,Carrot,0.72301
M3,S7,2,Potato,1.7612
M3,S7,20,Beetroot,1.16076
M3,S7,20,Cabbage,1.38907
M3,S7,20,Carrot,0.71757
M3,S7,20,Potato,1.8666
M3,S7,21,Beetroot,1.143845
M3,S7,21,Cabbage,1.40794
M3,S7,21,Carrot,0.68833
M3,S7,21,Potato,1.92729
M3,S7,22,Beetroot,1.120385
M3,S7,22,Cabbage,1.404285
M3,S7,22,Carrot,0.69445
M3,S7,22,Potato,1.927035
M3,S7,23,Beetroot,1.08205
M3,S7,23,Cabbage,1.41593
M3,S7,23,Carrot,0.665805
M3,S7,23,Potato,1.94259
M3,S7,24,Beetroot,1.093525
M3,S7,24,Cabbage,1.420435
M3,S7,24,Carrot,0.66708
M3,S7,24,Potato,1.941315
M3,S7,25,Beetroot,1.081115
M3,S7,25,Cabbage,1.436245
M3,S7,25,Carrot,0.65824
M3,S7,25,Potato,1.968515
M3,S7,26,Beetroot,1.054255
M3,S7,26,Cabbage,1.447465
M3,S7,26,Carrot,0.655095
M3,S7,26,Potato,1.95942
M3,S7,27,Beetroot,1.0319
M3,S7,27,Cabbage,1.48121
M3,S7,27,Carrot,0.643535
M3,S7,27,Potato,2.05938
M3,S7,28,Beetroot,1.04771
M3,S7,28,Cabbage,1.47594
M3,S7,28,Carrot,0.64634
M3,S7,28,Potato,2.037025
M3,S7,29,Beetroot,0.98481
M3,S7,29,Cabbage,1.51351
M3,S7,29,Carrot,0.634355
M3,S7,29,Potato,2.08148
M3,S7,3,Beetroot,1.16739
M3,S7,3,Cabbage,1.316565
M3,S7,3,Carrot,0.75922
M3,S7,3,Potato,1.66328
M3,S7,30,Beetroot,1.008015
M3,S7,30,Cabbage,1.51691
M3,S7,30,Carrot,0.633165
M3,S7,30,Potato,2.068815
M3,S7,31,Beetroot,0.98277
M3,S7,31,Cabbage,1.524475
M3,S7,31,Carrot,0.622965
M3,S7,31,Potato,2.158235
M3,S7,32,Beetroot,0.96883
M3,S7,32,Cabbage,1.54734
M3,S7,32,Carrot,0.612935
M3,S7,32,Potato,2.156875
M3,S7,33,Beetroot,0.949365
M3,S7,33,Cabbage,1.631745
M3,S7,33,Carrot,0.601375
M3,S7,33,Potato,2.247655
M3,S7,34,Beetroot,0.95472
M3,S7,34,Cabbage,1.585845
M3,S7,34,Carrot,0.59534
M3,S7,34,Potato,2.31591
M3,S7,35,Beetroot,0.926415
M3,S7,35,Cabbage,1.585845
M3,S7,35,Carrot,0.55233
M3,S7,35,Potato,2.31591
M3,S7,36,Beetroot,0.923695
M3,S7,36,Cabbage,1.631745
M3,S7,36,Carrot,0.574515
M3,S7,36,Potato,2.247655
M3,S7,37,Beetroot,0.923695
M3,S7,37,Cabbage,1.54734
M3,S7,37,Carrot,0.574515
M3,S7,37,Potato,2.156875
M3,S7,38,Beetroot,0.926415
M3,S7,38,Cabbage,1.524475
M3,S7,38,Carrot,0.55233
M3,S7,38,Potato,2.158235
M3,S7,39,Beetroot,0.95472
M3,S7,39,Cabbage,1.51691
M3,S7,39,Carrot,0.59534
M3,S7,39,Potato,2.068815
M3,S7,4,Beetroot,1.167475
M3,S7,4,Cabbage,1.288345
M3,S7,4,Carrot,0.748255
M3,S7,4,Potato,1.7255
M3,S7,40,Beetroot,0.949365
M3,S7,40,Cabbage,1.51351
M3,S7,40,Carrot,0.601375
M3,S7,40,Potato,2.08148
M3,S7,41,Beetroot,0.96883
M3,S7,41,Cabbage,1.47594
M3,S7,41,Carrot,0.612935
M3,S7,41,Potato,2.037025
M3,S7,42,Beetroot,0.98277
M3,S7,42,Cabbage,1.48121
M3,S7,42,Carrot,0.622965
M3,S7,42,Potato,2.05938
M3,S7,43,Beetroot,1.008015
M3,S7,43,Cabbage,1.447465
M3,S7,43,Carrot,0.633165
M3,S7,43,Potato,1.95942
M3,S7,44,Beetroot,0.98481
M3,S7,44,Cabbage,1.436245
M3,S7,44,Carrot,0.634355
M3,S7,44,Potato,1.968515
M3,S7,45,Beetroot,1.04771
M3,S7,45,Cabbage,1.420435
M3,S7,45,Carrot,0.64634
M3,S7,45,Potato,1.941315
M3,S7,46,Beetroot,1.0319
M3,S7,46,Cabbage,1.41593
M3,S7,46,Carrot,0.643535
M3,S7,46,Potato,1.94259
M3,S7,47,Beetroot,1.054255
M3,S7,47,Cabbage,1.404285
M3,S7,47,Carrot,0.655095
M3,S7,47,Potato,1.927035
M3,S7,48,Beetroot,1.081115
M3,S7,48,Cabbage,1.40794
M3,S7,48,Carrot,0.65824
M3,S7,48,Potato,1.92729
M3,S7,49,Beetroot,1.093525
M3,S7,49,Cabbage,1.38907
M3,S7,49,Carrot,0.66708
M3,S7,49,Potato,1.8666
M3,S7,5,Beetroot,1.202835
M3,S7,5,Cabbage,1.26735
M3,S7,5,Carrot,0.76075
M3,S7,5,Potato,1.605735
M3,S7,50,Beetroot,1.08205
M3,S7,50,Cabbage,1.39043
M3,S7,50,Carrot,0.665805
M3,S7,50,Potato,1.865155
M3,S7,51,Beetroot,1.120385
M3,S7,51,Cabbage,2.69637
M3,S7,51,Carrot,0.69445
M3,S7,51,Potato,1.819085
M3,S7,52,Beetroot,1.143845
M3,S7,52,Carrot,0.68833
M3,S7,52,Potato,1.836935
M3,S7,6,Beetroot,1.17912
M3,S7,6,Cabbage,1.24202
M3,S7,6,Carrot,0.759645
M3,S7,6,Potato,1.65903
M3,S7,7,Beetroot,1.224595
M3,S7,7,Cabbage,1.211335
M3,S7,7,Carrot,0.77673
M3,S7,7,Potato,1.59919
M3,S7,8,Beetroot,1.24984
M3,S7,8,Cabbage,1.18252
M3,S7,8,Carrot,0.77418
M3,S7,8,Potato,1.401565
M3,S7,9,Beetroot,1.286475
M3,S7,9,Cabbage,1.18252
M3,S7,9,Carrot,0.86122
M3,S7,9,Potato,1.401565
M3,S9,1,Beetroot,1.67127
M3,S9,1,Cabbage,1.64305
M3,S9,1,Carrot,1.333395
M3,S9,1,Potato,1.678665
M3,S9,10,Beetroot,1.882155
M3,S9,10,Cabbage,1.480615
M3,S9,10,Carrot,1.55499
M3,S9,10,Potato,1.5589
M3,S9,11,Beetroot,1.882155
M3,S9,11,Cabbage,1.53068
M3,S9,11,Carrot,1.55499
M3,S9,11,Potato,1.573095
M3,S9,12,Beetroot,2.071535
M3,S9,12,Cabbage,1.598255
M3,S9,12,Carrot,1.498295
M3,S9,12,Potato,1.615
M3,S9,13,Beetroot,1.790185
M3,S9,13,Cabbage,1.62384
M3,S9,13,Carrot,1.447295
M3,S9,13,Potato,1.626305
M3,S9,14,Beetroot,1.880455
M3,S9,14,Cabbage,1.6099
M3,S9,14,Carrot,1.46285
M3,S9,14,Potato,1.62418
M3,S9,15,Beetroot,1.769445
M3,S9,15,Cabbage,1.702805
M3,S9,15,Carrot,1.390855
M3,S9,15,Potato,1.700595
M3,S9,16,Beetroot,1.74658
M3,S9,16,Cabbage,1.64305
M3,S9,16,Carrot,1.432335
M3,S9,16,Potato,1.678665
M3,S9,17,Beetroot,1.74148
M3,S9,17,Cabbage,1.7068
M3,S9,17,Carrot,1.3906
M3,S9,17,Potato,1.70544
M3,S9,18,Beetroot,1.74352
M3,S9,18,Cabbage,1.72924
M3,S9,18,Carrot,1.37326
M3,S9,18,Potato,1.70357
M3,S9,19,Beetroot,1.688015
M3,S9,19,Cabbage,1.77565
M3,S9,19,Carrot,1.345295
M3,S9,19,Potato,1.72193
M3,S9,2,Beetroot,1.688015
M3,S9,2,Cabbage,1.702805
M3,S9,2,Carrot,1.345295
M3,S9,2,Potato,1.700595
M3,S9,20,Beetroot,1.67127
M3,S9,20,Cabbage,1.75321
M3,S9,20,Carrot,1.333395
M3,S9,20,Potato,1.73315
M3,S9,21,Beetroot,1.62622
M3,S9,21,Cabbage,1.779135
M3,S9,21,Carrot,1.3107
M3,S9,21,Potato,1.75729
M3,S9,22,Beetroot,1.61789
M3,S9,22,Cabbage,1.79639
M3,S9,22,Carrot,1.316225
M3,S9,22,Potato,1.755845
M3,S9,23,Beetroot,1.549465
M3,S9,23,Cabbage,1.82529
M3,S9,23,Carrot,1.30084
M3,S9,23,Potato,1.78364
M3,S9,24,Beetroot,1.60582
M3,S9,24,Cabbage,1.80489
M3,S9,24,Carrot,1.301435
M3,S9,24,Potato,1.777945
M3,S9,25,Beetroot,1.53799
M3,S9,25,Cabbage,1.870425
M3,S9,25,Carrot,1.281885
M3,S9,25,Potato,1.791375
M3,S9,26,Beetroot,1.538585
M3,S9,26,Cabbage,1.866515
M3,S9,26,Carrot,1.27194
M3,S9,26,Potato,1.81662
M3,S9,27,Beetroot,1.530595
M3,S9,27,Cabbage,1.91998
M3,S9,27,Carrot,1.261825
M3,S9,27,Potato,1.8904
M3,S9,28,Beetroot,1.528725
M3,S9,28,Cabbage,1.916835
M3,S9,28,Carrot,1.265905
M3,S9,28,Potato,1.902725
M3,S9,29,Beetroot,1.48665
M3,S9,29,Cabbage,1.92984
M3,S9,29,Carrot,1.21856
M3,S9,29,Potato,1.921
M3,S9,3,Beetroot,1.74352
M3,S9,3,Cabbage,1.6099
M3,S9,3,Carrot,1.37326
M3,S9,3,Potato,1.62418
M3,S9,30,Beetroot,1.52371
M3,S9,30,Cabbage,1.93205
M3,S9,30,Carrot,1.215755
M3,S9,30,Potato,1.909015
M3,S9,31,Beetroot,1.431655
M3,S9,31,Cabbage,2.00991
M3,S9,31,Carrot,1.203345
M3,S9,31,Potato,1.9839
M3,S9,32,Beetroot,1.432335
M3,S9,32,Cabbage,1.95381
M3,S9,32,Carrot,1.20615
M3,S9,32,Potato,2.025805
M3,S9,33,Beetroot,1.40165
M3,S9,33,Cabbage,2.175575
M3,S9,33,Carrot,1.192125
M3,S9,33,Potato,2.063375
M3,S9,34,Beetroot,1.40046
M3,S9,34,Cabbage,2.057425
M3,S9,34,Carrot,1.201475
M3,S9,34,Potato,2.20031
M3,S9,35,Beetroot,1.376745
M3,S9,35,Cabbage,2.057425
M3,S9,35,Carrot,1.135345
M3,S9,35,Potato,2.20031
M3,S9,36,Beetroot,1.259275
M3,S9,36,Cabbage,2.175575
M3,S9,36,Carrot,1.09667
M3,S9,36,Potato,2.063375
M3,S9,37,Beetroot,1.259275
M3,S9,37,Cabbage,1.95381
M3,S9,37,Carrot,1.09667
M3,S9,37,Potato,2.025805
M3,S9,38,Beetroot,1.376745
M3,S9,38,Cabbage,2.00991
M3,S9,38,Carrot,1.135345
M3,S9,38,Potato,1.9839
M3,S9,39,Beetroot,1.40046
M3,S9,39,Cabbage,1.93205
M3,S9,39,Carrot,1.201475
M3,S9,39,Potato,1.909015
M3,S9,4,Beetroot,1.74148
M3,S9,4,Cabbage,1.62384
M3,S9,4,Carrot,1.3906
M3,S9,4,Potato,1.626305
M3,S9,40,Beetroot,1.40165
M3,S9,40,Cabbage,1.92984
M3,S9,40,Carrot,1.192125
M3,S9,40,Potato,1.921
M3,S9,41,Beetroot,1.432335
M3,S9,41,Cabbage,1.916835
M3,S9,41,Carrot,1.20615
M3,S9,41,Potato,1.902725
M3,S9,42,Beetroot,1.431655
M3,S9,42,Cabbage,1.91998
M3,S9,42,Carrot,1.203345
M3,S9,42,Potato,1.8904
M3,S9,43,Beetroot,1.52371
M3,S9,43,Cabbage,1.866515
M3,S9,43,Carrot,1.215755
M3,S9,43,Potato,1.81662
M3,S9,44,Beetroot,1.48665
M3,S9,44,Cabbage,1.870425
M3,S9,44,Carrot,1.21856
M3,S9,44,Potato,1.791375
M3,S9,45,Beetroot,1.528725
M3,S9,45,Cabbage,1.80489
M3,S9,45,Carrot,1.265905
M3,S9,45,Potato,1.777945
M3,S9,46,Beetroot,1.530595
M3,S9,46,Cabbage,1.82529
M3,S9,46,Carrot,1.261825
M3,S9,46,Potato,1.78364
M3,S9,47,Beetroot,1.538585
M3,S9,47,Cabbage,1.79639
M3,S9,47,Carrot,1.27194
M3,S9,47,Potato,1.755845
M3,S9,48,Beetroot,1.53799
M3,S9,48,Cabbage,1.779135
M3,S9,48,Carrot,1.281885
M3,S9,48,Potato,1.75729
M3,S9,49,Beetroot,1.60582
M3,S9,49,Cabbage,1.75321
M3,S9,49,Carrot,1.301435
M3,S9,49,Potato,1.73315
M3,S9,5,Beetroot,1.74658
M3,S9,5,Cabbage,1.598255
M3,S9,5,Carrot,1.432335
M3,S9,5,Potato,1.615
M3,S9,50,Beetroot,1.549465
M3,S9,50,Cabbage,1.77565
M3,S9,50,Carrot,1.30084
M3,S9,50,Potato,1.72193
M3,S9,51,Beetroot,1.61789
M3,S9,51,Cabbage,1.72924
M3,S9,51,Carrot,1.316225
M3,S9,51,Potato,1.70357
M3,S9,52,Beetroot,1.62622
M3,S9,52,Cabbage,1.7068
M3,S9,52,Carrot,1.3107
M3,S9,52,Potato,1.70544
M3,S9,6,Beetroot,1.769445
M3,S9,6,Cabbage,1.53068
M3,S9,6,Carrot,1.390855
M3,S9,6,Potato,1.573095
M3,S9,7,Beetroot,1.880455
M3,S9,7,Cabbage,1.480615
M3,S9,7,Carrot,1.46285
M3,S9,7,Potato,1.5589
M3,S9,8,Beetroot,1.790185
M3,S9,8,Cabbage,1.46795
M3,S9,8,Carrot,1.447295
M3,S9,8,Potato,1.56859
M3,S9,9,Beetroot,2.071535
M3,S9,9,Cabbage,1.46795
M3,S9,9,Carrot,1.498295
M3,S9,9,Potato,1.56859
