Shop,Week,Vegetable,Value
S1,1,Beetroot,0.9259305
S1,1,Cabbage,1.3128335
S1,1,Carrot,0.881705
S1,1,Potato,1.7558365
S1,10,Beetroot,1.0628145
S1,10,Cabbage,1.0224225
S1,10,Carrot,1.052249
S1,10,Potato,1.571922
S1,11,Beetroot,1.0628145
S1,11,Cabbage,1.2711325
S1,11,Carrot,1.052249
S1,11,Potato,1.6466285
S1,12,Beetroot,1.0626275
S1,12,Cabbage,1.278519
S1,12,Carrot,0.9603385
S1,12,Potato,1.6413925
S1,13,Beetroot,0.9893235
S1,13,Cabbage,1.2995565
S1,13,Carrot,0.9392075
S1,13,Potato,1.728067
S1,14,Beetroot,0.9973645
S1,14,Cabbage,1.2847835
S1,14,Carrot,0.9408905
S1,14,Potato,1.7010455
S1,15,Beetroot,0.9584685
S1,15,Cabbage,1.3150775
S1,15,Carrot,0.9319145
S1,15,Potato,1.7324615
S1,16,Beetroot,0.9883885
S1,16,Cabbage,1.3128335
S1,16,Carrot,0.930886
S1,16,Potato,1.7558365
S1,17,Beetroot,0.9528585
S1,17,Cabbage,1.355563
S1,17,Carrot,0.9038645
S1,17,Potato,1.775752
S1,18,Beetroot,0.9463135
S1,18,Cabbage,1.3597705
S1,18,Carrot,0.896291
S1,18,Potato,1.803054
S1,19,Beetroot,0.920227
S1,19,Cabbage,1.3653805
S1,19,Carrot,0.882079
S1,19,Potato,1.8197905
S1,2,Beetroot,0.920227
S1,2,Cabbage,1.3150775
S1,2,Carrot,0.882079
S1,2,Potato,1.7324615
S1,20,Beetroot,0.9259305
S1,20,Cabbage,1.3769745
S1,20,Carrot,0.881705
S1,20,Potato,1.838771
S1,21,Beetroot,0.9132145
S1,21,Cabbage,1.386605
S1,21,Carrot,0.861322
S1,21,Potato,1.8484015
S1,22,Beetroot,0.9195725
S1,22,Cabbage,1.4196105
S1,22,Carrot,0.8500085
S1,22,Potato,1.865138
S1,23,Beetroot,0.8973195
S1,23,Cabbage,1.435038
S1,23,Carrot,0.8464555
S1,23,Potato,1.9097375
S1,24,Beetroot,0.896291
S1,24,Cabbage,2.7429245
S1,24,Carrot,0.8387885
S1,24,Potato,1.870748
S1,25,Beetroot,0.890494
S1,25,Cabbage,1.4452295
S1,25,Carrot,0.823174
S1,25,Potato,1.917124
S1,26,Beetroot,0.881705
S1,26,Cabbage,1.4366275
S1,26,Carrot,0.83776
S1,26,Potato,1.9420885
S1,27,Beetroot,0.859078
S1,27,Cabbage,1.4994595
S1,27,Carrot,0.802417
S1,27,Potato,1.953963
S1,28,Beetroot,0.876469
S1,28,Cabbage,1.481788
S1,28,Carrot,0.8086815
S1,28,Potato,1.954524
S1,29,Beetroot,0.8571145
S1,29,Cabbage,1.514139
S1,29,Carrot,0.800921
S1,29,Potato,1.988558
S1,3,Beetroot,0.9463135
S1,3,Cabbage,1.2847835
S1,3,Carrot,0.896291
S1,3,Potato,1.7010455
S1,30,Beetroot,0.8313085
S1,30,Cabbage,1.5331195
S1,30,Carrot,0.776611
S1,30,Potato,2.0170755
S1,31,Beetroot,0.8105515
S1,31,Cabbage,1.572296
S1,31,Carrot,0.7546385
S1,31,Potato,2.039048
S1,32,Beetroot,0.8184055
S1,32,Cabbage,1.541628
S1,32,Carrot,0.776237
S1,32,Potato,2.0808425
S1,33,Beetroot,0.800173
S1,33,Cabbage,1.759483
S1,33,Carrot,0.7544515
S1,33,Potato,2.172005
S1,34,Beetroot,0.7957785
S1,34,Cabbage,1.572857
S1,34,Carrot,0.746691
S1,34,Potato,2.106742
S1,35,Beetroot,0.761838
S1,35,Cabbage,1.572857
S1,35,Carrot,0.651508
S1,35,Potato,2.106742
S1,36,Beetroot,0.7537035
S1,36,Cabbage,1.759483
S1,36,Carrot,0.713218
S1,36,Potato,2.172005
S1,37,Beetroot,0.7537035
S1,37,Cabbage,1.541628
S1,37,Carrot,0.713218
S1,37,Potato,2.0808425
S1,38,Beetroot,0.761838
S1,38,Cabbage,1.572296
S1,38,Carrot,0.651508
S1,38,Potato,2.039048
S1,39,Beetroot,0.7957785
S1,39,Cabbage,1.5331195
S1,39,Carrot,0.746691
S1,39,Potato,2.0170755
S1,4,Beetroot,0.9528585
S1,4,Cabbage,1.2995565
S1,4,Carrot,0.9038645
S1,4,Potato,1.728067
S1,40,Beetroot,0.800173
S1,40,Cabbage,1.514139
S1,40,Carrot,0.7544515
S1,40,Potato,1.988558
S1,41,Beetroot,0.8184055
S1,41,Cabbage,1.481788
S1,41,Carrot,0.776237
S1,41,Potato,1.954524
S1,42,Beetroot,0.8105515
S1,42,Cabbage,1.4994595
S1,42,Carrot,0.7546385
S1,42,Potato,1.953963
S1,43,Beetroot,0.8313085
S1,43,Cabbage,1.4366275
S1,43,Carrot,0.776611
S1,43,Potato,1.9420885
S1,44,Beetroot,0.8571145
S1,44,Cabbage,1.4452295
S1,44,Carrot,0.800921
S1,44,Potato,1.917124
S1,45,Beetroot,0.876469
S1,45,Cabbage,1.4274645
S1,45,Carrot,0.8086815
S1,45,Potato,1.870748
S1,46,Beetroot,0.859078
S1,46,Cabbage,1.435038
S1,46,Carrot,0.802417
S1,46,Potato,1.9097375
S1,47,Beetroot,0.881705
S1,47,Cabbage,1.4196105
S1,47,Carrot,0.83776
S1,47,Potato,1.865138
S1,48,Beetroot,0.890494
S1,48,Cabbage,1.386605
S1,48,Carrot,0.823174
S1,48,Potato,1.8484015
S1,49,Beetroot,0.896291
S1,49,Cabbage,1.3769745
S1,49,Carrot,0.8387885
S1,49,Potato,1.838771
S1,5,Beetroot,0.9883885
S1,5,Cabbage,1.278519
S1,5,Carrot,0.930886
S1,5,Potato,1.6413925
S1,50,Beetroot,0.8973195
S1,50,Cabbage,1.3653805
S1,50,Carrot,0.8464555
S1,50,Potato,1.8197905
S1,51,Beetroot,0.9195725
S1,51,Cabbage,1.3597705
S1,51,Carrot,0.8500085
S1,51,Potato,1.803054
S1,52,Beetroot,0.9132145
S1,52,Cabbage,1.355563
S1,52,Carrot,0.861322
S1,52,Potato,1.775752
S1,6,Beetroot,0.9584685
S1,6,Cabbage,1.2711325
S1,6,Carrot,0.9319145
S1,6,Potato,1.6466285
S1,7,Beetroot,0.9973645
S1,7,Cabbage,1.0224225
S1,7,Carrot,0.9408905
S1,7,Potato,1.571922
S1,8,Beetroot,0.9893235
S1,8,Cabbage,1.1018975
S1,8,Carrot,0.9392075
S1,8,Potato,1.601094
S1,9,Beetroot,1.0626275
S1,9,Cabbage,1.1018975
S1,9,Carrot,0.9603385
S1,9,Potato,1.601094
S10,1,Beetroot,1.763784
S10,1,Cabbage,1.0899295
S10,1,Carrot,0.999141
S10,1,Potato,1.449811
S10,10,Beetroot,2.1582605
S10,10,Cabbage,1.0274715
S10,10,Carrot,1.1007755
S10,10,Potato,1.2412125
S10,11,Beetroot,2.1582605
S10,11,Cabbage,1.0332685
S10,11,Carrot,1.1007755
S10,11,Potato,1.398012
S10,12,Beetroot,2.123385
S10,12,Cabbage,1.0450495
S10,12,Carrot,1.142757
S10,12,Potato,1.3655675
S10,13,Beetroot,1.8605565
S10,13,Cabbage,2.0361495
S10,13,Carrot,1.047948
S10,13,Potato,1.4325135
S10,14,Beetroot,1.881968
S10,14,Cabbage,1.0702945
S10,14,Carrot,1.098625
S10,14,Potato,1.421948
S10,15,Beetroot,1.8321325
S10,15,Cabbage,1.1069465
S10,15,Carrot,1.011483
S10,15,Potato,1.448128
S10,16,Beetroot,1.826055
S10,16,Cabbage,1.0899295
S10,16,Carrot,1.0413095
S10,16,Potato,1.449811
S10,17,Beetroot,1.7764065
S10,17,Cabbage,1.1252725
S10,17,Carrot,1.002507
S10,17,Potato,1.4521485
S10,18,Beetroot,1.819136
S10,18,Cabbage,1.1215325
S10,18,Carrot,1.006621
S10,18,Potato,1.4667345
S10,19,Beetroot,1.753125
S10,19,Cabbage,1.1295735
S10,19,Carrot,0.996336
S10,19,Potato,1.496374
S10,2,Beetroot,1.753125
S10,2,Cabbage,1.1069465
S10,2,Carrot,0.996336
S10,2,Potato,1.448128
S10,20,Beetroot,1.763784
S10,20,Cabbage,1.136025
S10,20,Carrot,0.999141
S10,20,Potato,1.475056
S10,21,Beetroot,1.7238595
S10,21,Cabbage,1.150611
S10,21,Carrot,0.9657615
S10,21,Potato,1.5361115
S10,22,Beetroot,1.750507
S10,22,Cabbage,1.152294
S10,22,Carrot,0.989791
S10,22,Potato,1.5471445
S10,23,Beetroot,1.697212
S10,23,Cabbage,1.176417
S10,23,Carrot,0.95931
S10,23,Potato,1.554905
S10,24,Beetroot,1.7010455
S10,24,Cabbage,1.1645425
S10,24,Carrot,0.956692
S10,24,Potato,1.564255
S10,25,Beetroot,1.6761745
S10,25,Cabbage,1.194556
S10,25,Carrot,0.936683
S10,25,Potato,1.57828
S10,26,Beetroot,1.653267
S10,26,Cabbage,1.20989
S10,26,Carrot,0.9537
S10,26,Potato,1.590622
S10,27,Beetroot,1.6440105
S10,27,Cabbage,1.215313
S10,27,Carrot,0.9292965
S10,27,Potato,1.605208
S10,28,Beetroot,1.631575
S10,28,Cabbage,1.213069
S10,28,Carrot,0.9332235
S10,28,Potato,1.6318555
S10,29,Beetroot,1.5905285
S10,29,Cabbage,1.233639
S10,29,Carrot,0.9197595
S10,29,Potato,1.716099
S10,3,Beetroot,1.819136
S10,3,Cabbage,1.0702945
S10,3,Carrot,1.006621
S10,3,Potato,1.421948
S10,30,Beetroot,1.6024965
S10,30,Cabbage,1.220549
S10,30,Carrot,0.9162065
S10,30,Potato,1.6999235
S10,31,Beetroot,1.5890325
S10,31,Cabbage,1.2507495
S10,31,Carrot,0.8771235
S10,31,Potato,1.766589
S10,32,Beetroot,1.5884715
S10,32,Cabbage,1.2773035
S10,32,Carrot,0.8933925
S10,32,Potato,1.717595
S10,33,Beetroot,1.5564945
S10,33,Cabbage,1.279267
S10,33,Carrot,0.849541
S10,33,Potato,1.776313
S10,34,Beetroot,1.480666
S10,34,Cabbage,1.2832875
S10,34,Carrot,0.8548705
S10,34,Potato,2.044284
S10,35,Beetroot,1.369775
S10,35,Cabbage,1.2832875
S10,35,Carrot,0.7338815
S10,35,Potato,2.044284
S10,36,Beetroot,1.4457905
S10,36,Cabbage,1.279267
S10,36,Carrot,0.756415
S10,36,Potato,1.776313
S10,37,Beetroot,1.4457905
S10,37,Cabbage,1.2773035
S10,37,Carrot,0.756415
S10,37,Potato,1.717595
S10,38,Beetroot,1.369775
S10,38,Cabbage,1.2507495
S10,38,Carrot,0.7338815
S10,38,Potato,1.766589
S10,39,Beetroot,1.480666
S10,39,Cabbage,1.220549
S10,39,Carrot,0.8548705
S10,39,Potato,1.6999235
S10,4,Beetroot,1.7764065
S10,4,Cabbage,1.0624405
S10,4,Carrot,1.002507
S10,4,Potato,1.4325135
S10,40,Beetroot,1.5564945
S10,40,Cabbage,1.233639
S10,40,Carrot,0.849541
S10,40,Potato,1.716099
S10,41,Beetroot,1.5884715
S10,41,Cabbage,1.213069
S10,41,Carrot,0.8933925
S10,41,Potato,1.6318555
S10,42,Beetroot,1.5890325
S10,42,Cabbage,1.215313
S10,42,Carrot,0.8771235
S10,42,Potato,1.605208
S10,43,Beetroot,1.6024965
S10,43,Cabbage,1.20989
S10,43,Carrot,0.9162065
S10,43,Potato,1.590622
S10,44,Beetroot,1.5905285
S10,44,Cabbage,1.194556
S10,44,Carrot,0.9197595
S10,44,Potato,1.57828
S10,45,Beetroot,1.631575
S10,45,Cabbage,1.1645425
S10,45,Carrot,0.9332235
S10,45,Potato,1.564255
S10,46,Beetroot,1.6440105
S10,46,Cabbage,1.176417
S10,46,Carrot,0.9292965
S10,46,Potato,1.554905
S10,47,Beetroot,1.653267
S10,47,Cabbage,1.152294
S10,47,Carrot,0.9537
S10,47,Potato,1.5471445
S10,48,Beetroot,1.6761745
S10,48,Cabbage,1.150611
S10,48,Carrot,0.936683
S10,48,Potato,1.5361115
S10,49,Beetroot,1.7010455
S10,49,Cabbage,1.136025
S10,49,Carrot,0.956692
S10,49,Potato,1.475056
S10,5,Beetroot,1.826055
S10,5,Cabbage,1.0450495
S10,5,Carrot,1.0413095
S10,5,Potato,1.3655675
S10,50,Beetroot,1.697212
S10,50,Cabbage,1.1295735
S10,50,Carrot,0.95931
S10,50,Potato,1.496374
S10,51,Beetroot,3.3152295
S10,51,Cabbage,1.1215325
S10,51,Carrot,0.989791
S10,51,Potato,1.4667345
S10,52,Beetroot,1.7238595
S10,52,Cabbage,1.1252725
S10,52,Carrot,0.9657615
S10,52,Potato,1.4521485
S10,6,Beetroot,1.8321325
S10,6,Cabbage,1.0332685
S10,6,Carrot,1.011483
S10,6,Potato,1.398012
S10,7,Beetroot,1.881968
S10,7,Cabbage,1.0274715
S10,7,Carrot,1.098625
S10,7,Potato,1.2412125
S10,8,Beetroot,1.8605565
S10,8,Cabbage,0.9278005
S10,8,Carrot,1.047948
S10,8,Potato,1.345278
S10,9,Beetroot,2.123385
S10,9,Cabbage,0.9278005
S10,9,Carrot,1.142757
S10,9,Potato,1.345278
S2,1,Beetroot,1.3431275
S2,1,Cabbage,1.1224675
S2,1,Carrot,0.9962425
S2,1,Potato,1.14444
S2,10,Beetroot,1.525546
S2,10,Cabbage,0.9014335
S2,10,Carrot,1.0919865
S2,10,Potato,0.9831525
S2,11,Beetroot,1.525546
S2,11,Cabbage,1.0489765
S2,11,Carrot,1.0919865
S2,11,Potato,1.073567
S2,12,Beetroot,1.593053
S2,12,Cabbage,1.053184
S2,12,Carrot,1.0790835
S2,12,Potato,1.072258
S2,13,Beetroot,1.429241
S2,13,Cabbage,1.08273
S2,13,Carrot,1.0671155
S2,13,Potato,1.0962875
S2,14,Beetroot,1.4689785
S2,14,Cabbage,1.080673
S2,14,Carrot,1.0590745
S2,14,Potato,1.073754
S2,15,Beetroot,1.4287735
S2,15,Cabbage,1.117138
S2,15,Carrot,1.019898
S2,15,Potato,1.1406065
S2,16,Beetroot,1.385857
S2,16,Cabbage,1.1224675
S2,16,Carrot,1.0431795
S2,16,Potato,1.14444
S2,17,Beetroot,1.3777225
S2,17,Cabbage,1.134529
S2,17,Carrot,1.0143815
S2,17,Potato,1.1452815
S2,18,Beetroot,1.3622015
S2,18,Cabbage,1.154351
S2,18,Carrot,1.013727
S2,18,Potato,1.152107
S2,19,Beetroot,1.345091
S2,19,Cabbage,1.1675345
S2,19,Carrot,0.9766075
S2,19,Potato,1.1802505
S2,2,Beetroot,1.345091
S2,2,Cabbage,1.117138
S2,2,Carrot,0.9766075
S2,2,Potato,1.1406065
S2,20,Beetroot,1.3431275
S2,20,Cabbage,1.155473
S2,20,Carrot,0.9962425
S2,20,Potato,1.15566
S2,21,Beetroot,1.340416
S2,21,Cabbage,1.178661
S2,21,Carrot,0.949586
S2,21,Potato,1.203345
S2,22,Beetroot,1.3332165
S2,22,Cabbage,1.203906
S2,22,Carrot,0.942854
S2,22,Potato,1.19867
S2,23,Beetroot,1.324895
S2,23,Cabbage,1.2423345
S2,23,Carrot,0.9184505
S2,23,Potato,1.2569205
S2,24,Beetroot,1.3021745
S2,24,Cabbage,1.2283095
S2,24,Carrot,0.923219
S2,24,Potato,1.256827
S2,25,Beetroot,1.294975
S2,25,Cabbage,1.2595385
S2,25,Carrot,0.900405
S2,25,Potato,1.257575
S2,26,Beetroot,1.2890845
S2,26,Cabbage,1.2486925
S2,26,Carrot,0.8799285
S2,26,Potato,1.272722
S2,27,Beetroot,1.25851
S2,27,Cabbage,1.2883365
S2,27,Carrot,0.877404
S2,27,Potato,1.2853445
S2,28,Beetroot,1.2462615
S2,28,Cabbage,1.284316
S2,28,Carrot,0.8668385
S2,28,Potato,1.306756
S2,29,Beetroot,1.2369115
S2,29,Cabbage,1.32022
S2,29,Carrot,0.858704
S2,29,Potato,1.3193785
S2,3,Beetroot,1.3622015
S2,3,Cabbage,1.080673
S2,3,Carrot,1.013727
S2,3,Potato,1.073754
S2,30,Beetroot,1.219053
S2,30,Cabbage,1.333684
S2,30,Carrot,0.852346
S2,30,Potato,1.314236
S2,31,Beetroot,1.2043735
S2,31,Cabbage,1.337985
S2,31,Carrot,0.8402845
S2,31,Potato,1.3255495
S2,32,Beetroot,1.2111055
S2,32,Cabbage,1.3644455
S2,32,Carrot,0.842622
S2,32,Potato,1.324521
S2,33,Beetroot,1.1529485
S2,33,Cabbage,1.399134
S2,33,Carrot,0.808401
S2,33,Potato,1.387727
S2,34,Beetroot,1.1551925
S2,34,Cabbage,1.541628
S2,34,Carrot,0.8228
S2,34,Potato,1.3526645
S2,35,Beetroot,1.1248985
S2,35,Cabbage,1.541628
S2,35,Carrot,0.796059
S2,35,Potato,1.3526645
S2,36,Beetroot,1.141635
S2,36,Cabbage,1.399134
S2,36,Carrot,0.806344
S2,36,Potato,1.387727
S2,37,Beetroot,1.141635
S2,37,Cabbage,1.3644455
S2,37,Carrot,0.806344
S2,37,Potato,1.324521
S2,38,Beetroot,1.1248985
S2,38,Cabbage,1.337985
S2,38,Carrot,0.796059
S2,38,Potato,1.3255495
S2,39,Beetroot,1.1551925
S2,39,Cabbage,1.333684
S2,39,Carrot,0.8228
S2,39,Potato,1.314236
S2,4,Beetroot,1.3777225
S2,4,Cabbage,1.08273
S2,4,Carrot,1.0143815
S2,4,Potato,1.0962875
S2,40,Beetroot,1.1529485
S2,40,Cabbage,1.32022
S2,40,Carrot,0.808401
S2,40,Potato,1.3193785
S2,41,Beetroot,1.2111055
S2,41,Cabbage,1.284316
S2,41,Carrot,0.842622
S2,41,Potato,1.306756
S2,42,Beetroot,1.2043735
S2,42,Cabbage,1.2883365
S2,42,Carrot,0.8402845
S2,42,Potato,1.2853445
S2,43,Beetroot,1.219053
S2,43,Cabbage,1.2486925
S2,43,Carrot,0.852346
S2,43,Potato,1.272722
S2,44,Beetroot,1.2369115
S2,44,Cabbage,1.2595385
S2,44,Carrot,0.858704
S2,44,Potato,1.257575
S2,45,Beetroot,1.2462615
S2,45,Cabbage,1.2283095
S2,45,Carrot,0.8668385
S2,45,Potato,1.256827
S2,46,Beetroot,1.25851
S2,46,Cabbage,1.2423345
S2,46,Carrot,0.877404
S2,46,Potato,1.2569205
S2,47,Beetroot,1.2890845
S2,47,Cabbage,1.203906
S2,47,Carrot,0.8799285
S2,47,Potato,1.19867
S2,48,Beetroot,1.294975
S2,48,Cabbage,1.178661
S2,48,Carrot,0.900405
S2,48,Potato,1.203345
S2,49,Beetroot,1.3021745
S2,49,Cabbage,1.155473
S2,49,Carrot,0.923219
S2,49,Potato,1.15566
S2,5,Beetroot,1.385857
S2,5,Cabbage,1.053184
S2,5,Carrot,1.0431795
S2,5,Potato,1.072258
S2,50,Beetroot,1.324895
S2,50,Cabbage,1.1675345
S2,50,Carrot,0.9184505
S2,50,Potato,1.1802505
S2,51,Beetroot,1.3332165
S2,51,Cabbage,1.154351
S2,51,Carrot,0.942854
S2,51,Potato,1.152107
S2,52,Beetroot,1.340416
S2,52,Cabbage,1.134529
S2,52,Carrot,0.949586
S2,52,Potato,1.1452815
S2,6,Beetroot,1.4287735
S2,6,Cabbage,1.0489765
S2,6,Carrot,1.019898
S2,6,Potato,1.073567
S2,7,Beetroot,1.4689785
S2,7,Cabbage,0.9014335
S2,7,Carrot,1.0590745
S2,7,Potato,0.9831525
S2,8,Beetroot,1.429241
S2,8,Cabbage,0.9964295
S2,8,Carrot,1.0671155
S2,8,Potato,1.0254145
S2,9,Beetroot,1.593053
S2,9,Cabbage,0.9964295
S2,9,Carrot,1.0790835
S2,9,Potato,1.0254145
S3,1,Beetroot,0.8445855
S3,1,Cabbage,3.2026555
S3,1,Carrot,1.176417
S3,1,Potato,1.526855
S3,10,Beetroot,0.994092
S3,10,Cabbage,2.741794
S3,10,Carrot,1.316667
S3,10,Potato,1.400256
S3,11,Beetroot,0.994092
S3,11,Cabbage,3.053336
S3,11,Carrot,1.316667
S3,11,Potato,1.4465385
S3,12,Beetroot,0.9887625
S3,12,Cabbage,3.0594135
S3,12,Carrot,1.3949265
S3,12,Potato,1.4605635
S3,13,Beetroot,0.925463
S3,13,Cabbage,3.184049
S3,13,Carrot,1.292918
S3,13,Potato,1.4811335
S3,14,Beetroot,0.909381
S3,14,Cabbage,3.172268
S3,14,Carrot,1.287121
S3,14,Potato,1.509464
S3,15,Beetroot,0.882453
S3,15,Cabbage,3.2499665
S3,15,Carrot,1.22298
S3,15,Potato,1.557523
S3,16,Beetroot,0.8896525
S3,16,Cabbage,3.2026555
S3,16,Carrot,1.2372855
S3,16,Potato,1.526855
S3,17,Beetroot,0.846362
S3,17,Cabbage,3.2716585
S3,17,Carrot,1.198483
S3,17,Potato,1.558458
S3,18,Beetroot,0.8629115
S3,18,Cabbage,3.2615605
S3,18,Carrot,1.2193335
S3,18,Potato,1.5622915
S3,19,Beetroot,0.8443985
S3,19,Cabbage,3.317754
S3,19,Carrot,1.173238
S3,19,Potato,1.616615
S3,2,Beetroot,0.8443985
S3,2,Cabbage,3.2499665
S3,2,Carrot,1.173238
S3,2,Potato,1.557523
S3,20,Beetroot,0.8445855
S3,20,Cabbage,3.3526295
S3,20,Carrot,1.176417
S3,20,Potato,1.589687
S3,21,Beetroot,0.8197145
S3,21,Cabbage,3.4343485
S3,21,Carrot,1.170807
S3,21,Potato,1.6464415
S3,22,Beetroot,0.8288775
S3,22,Cabbage,3.4665125
S3,22,Carrot,1.1542575
S3,22,Potato,1.6398965
S3,23,Beetroot,0.819247
S3,23,Cabbage,3.5082135
S3,23,Carrot,1.12761
S3,23,Potato,1.7154445
S3,24,Beetroot,0.815133
S3,24,Cabbage,3.5184985
S3,24,Carrot,1.135838
S3,24,Potato,1.7128265
S3,25,Beetroot,0.8092425
S3,25,Cabbage,3.6202265
S3,25,Carrot,1.1263945
S3,25,Potato,1.72975
S3,26,Beetroot,0.8012015
S3,26,Cabbage,3.544024
S3,26,Carrot,1.117699
S3,26,Potato,1.736669
S3,27,Beetroot,0.7626795
S3,27,Cabbage,3.7243855
S3,27,Carrot,1.101804
S3,27,Potato,1.781175
S3,28,Beetroot,0.7731515
S3,28,Cabbage,3.63341
S3,28,Carrot,1.1033935
S3,28,Potato,1.7829515
S3,29,Beetroot,0.756415
S3,29,Cabbage,3.761505
S3,29,Carrot,1.034297
S3,29,Potato,1.8454095
S3,3,Beetroot,0.8629115
S3,3,Cabbage,3.172268
S3,3,Carrot,1.2193335
S3,3,Potato,1.509464
S3,30,Beetroot,0.735284
S3,30,Cabbage,3.8459355
S3,30,Carrot,1.06964
S3,30,Potato,1.847186
S3,31,Beetroot,0.7310765
S3,31,Cabbage,4.024801
S3,31,Carrot,1.0233575
S3,31,Potato,1.871309
S3,32,Beetroot,0.7282715
S3,32,Cabbage,4.1327
S3,32,Carrot,1.027004
S3,32,Potato,1.902538
S3,33,Beetroot,0.673387
S3,33,Cabbage,4.162433
S3,33,Carrot,0.9715585
S3,33,Potato,2.007445
S3,34,Beetroot,0.6918065
S3,34,Cabbage,4.18693
S3,34,Carrot,0.98175
S3,34,Potato,1.919368
S3,35,Beetroot,0.6618865
S3,35,Cabbage,4.18693
S3,35,Carrot,0.885258
S3,35,Potato,1.919368
S3,36,Beetroot,0.6357065
S3,36,Cabbage,4.162433
S3,36,Carrot,0.8862865
S3,36,Potato,2.007445
S3,37,Beetroot,0.6357065
S3,37,Cabbage,4.1327
S3,37,Carrot,0.8862865
S3,37,Potato,1.902538
S3,38,Beetroot,0.6618865
S3,38,Cabbage,4.024801
S3,38,Carrot,0.885258
S3,38,Potato,1.871309
S3,39,Beetroot,0.6918065
S3,39,Cabbage,3.8459355
S3,39,Carrot,0.98175
S3,39,Potato,1.847186
S3,4,Beetroot,0.846362
S3,4,Cabbage,3.184049
S3,4,Carrot,1.198483
S3,4,Potato,1.4811335
S3,40,Beetroot,0.673387
S3,40,Cabbage,3.761505
S3,40,Carrot,0.9715585
S3,40,Potato,1.8454095
S3,41,Beetroot,0.7282715
S3,41,Cabbage,3.63341
S3,41,Carrot,1.027004
S3,41,Potato,1.7829515
S3,42,Beetroot,0.7310765
S3,42,Cabbage,3.7243855
S3,42,Carrot,1.0233575
S3,42,Potato,1.781175
S3,43,Beetroot,0.735284
S3,43,Cabbage,3.544024
S3,43,Carrot,1.06964
S3,43,Potato,1.736669
S3,44,Beetroot,0.756415
S3,44,Cabbage,3.6202265
S3,44,Carrot,1.034297
S3,44,Potato,1.72975
S3,45,Beetroot,0.7731515
S3,45,Cabbage,3.5184985
S3,45,Carrot,1.1033935
S3,45,Potato,1.7128265
S3,46,Beetroot,0.7626795
S3,46,Cabbage,3.5082135
S3,46,Carrot,1.101804
S3,46,Potato,1.7154445
S3,47,Beetroot,0.8012015
S3,47,Cabbage,3.4665125
S3,47,Carrot,1.117699
S3,47,Potato,1.6398965
S3,48,Beetroot,0.8092425
S3,48,Cabbage,3.4343485
S3,48,Carrot,1.1263945
S3,48,Potato,1.6464415
S3,49,Beetroot,0.815133
S3,49,Cabbage,3.3526295
S3,49,Carrot,1.135838
S3,49,Potato,1.589687
S3,5,Beetroot,0.8896525
S3,5,Cabbage,3.0594135
S3,5,Carrot,1.2372855
S3,5,Potato,1.4605635
S3,50,Beetroot,0.819247
S3,50,Cabbage,3.317754
S3,50,Carrot,1.12761
S3,50,Potato,1.616615
S3,51,Beetroot,0.8288775
S3,51,Cabbage,3.2615605
S3,51,Carrot,1.1542575
S3,51,Potato,1.5622915
S3,52,Beetroot,0.8197145
S3,52,Cabbage,3.2716585
S3,52,Carrot,1.170807
S3,52,Potato,1.558458
S3,6,Beetroot,0.882453
S3,6,Cabbage,3.053336
S3,6,Carrot,1.22298
S3,6,Potato,1.4465385
S3,7,Beetroot,0.909381
S3,7,Cabbage,2.741794
S3,7,Carrot,1.287121
S3,7,Potato,1.400256
S3,8,Beetroot,0.925463
S3,8,Cabbage,2.9988255
S3,8,Carrot,1.292918
S3,8,Potato,1.3915605
S3,9,Beetroot,0.9887625
S3,9,Cabbage,2.9988255
S3,9,Carrot,1.3949265
S3,9,Potato,1.3915605
S4,1,Beetroot,1.920677
S4,1,Cabbage,2.1307715
S4,1,Carrot,1.4044635
S4,1,Potato,2.3867745
S4,10,Beetroot,2.186965
S4,10,Cabbage,1.8540115
S4,10,Carrot,1.5731375
S4,10,Potato,2.142833
S4,11,Beetroot,2.186965
S4,11,Cabbage,1.9241365
S4,11,Carrot,1.5731375
S4,11,Potato,2.1926685
S4,12,Beetroot,2.285514
S4,12,Cabbage,1.9634065
S4,12,Carrot,1.4779545
S4,12,Potato,2.2669075
S4,13,Beetroot,2.163029
S4,13,Cabbage,2.046715
S4,13,Carrot,1.4736535
S4,13,Potato,2.30384
S4,14,Beetroot,2.1318935
S4,14,Cabbage,2.0555975
S4,14,Carrot,1.458974
S4,14,Potato,2.299165
S4,15,Beetroot,2.0249295
S4,15,Cabbage,2.1403085
S4,15,Carrot,1.428119
S4,15,Potato,2.376957
S4,16,Beetroot,2.009315
S4,16,Cabbage,2.1307715
S4,16,Carrot,1.4461645
S4,16,Potato,2.3867745
S4,17,Beetroot,1.9963185
S4,17,Cabbage,2.1911725
S4,17,Carrot,1.412972
S4,17,Potato,2.447269
S4,18,Beetroot,1.951906
S4,18,Cabbage,2.1793915
S4,18,Carrot,1.4130655
S4,18,Potato,2.40856
S4,19,Beetroot,1.9099245
S4,19,Cabbage,2.208657
S4,19,Carrot,1.3739825
S4,19,Potato,2.494019
S4,2,Beetroot,1.9099245
S4,2,Cabbage,2.1403085
S4,2,Carrot,1.3739825
S4,2,Potato,2.376957
S4,20,Beetroot,1.920677
S4,20,Cabbage,2.2115555
S4,20,Carrot,1.4044635
S4,20,Potato,2.491027
S4,21,Beetroot,1.89618
S4,21,Cabbage,2.2265155
S4,21,Carrot,1.3504205
S4,21,Potato,2.5264635
S4,22,Beetroot,1.909083
S4,22,Cabbage,2.2538175
S4,22,Carrot,1.365848
S4,22,Potato,2.5300165
S4,23,Beetroot,1.8461575
S4,23,Cabbage,2.2553135
S4,23,Carrot,1.309
S4,23,Potato,2.579665
S4,24,Beetroot,1.849617
S4,24,Cabbage,2.2727045
S4,24,Carrot,1.34079
S4,24,Potato,2.5861165
S4,25,Beetroot,1.8218475
S4,25,Cabbage,2.2771925
S4,25,Carrot,1.30152
S4,25,Potato,2.635204
S4,26,Beetroot,1.8201645
S4,26,Cabbage,2.2764445
S4,26,Carrot,1.2812305
S4,26,Potato,2.646798
S4,27,Beetroot,1.786785
S4,27,Cabbage,2.3013155
S4,27,Carrot,1.2698235
S4,27,Potato,2.682702
S4,28,Beetroot,1.7676175
S4,28,Cabbage,2.2929005
S4,28,Carrot,1.26225
S4,28,Potato,2.711126
S4,29,Beetroot,1.7367625
S4,29,Cabbage,2.377518
S4,29,Carrot,1.244859
S4,29,Potato,2.7424485
S4,3,Beetroot,1.951906
S4,3,Cabbage,2.0555975
S4,3,Carrot,1.4130655
S4,3,Potato,2.299165
S4,30,Beetroot,1.7563975
S4,30,Cabbage,2.365737
S4,30,Carrot,1.2595385
S4,30,Potato,2.7446925
S4,31,Beetroot,1.6496205
S4,31,Cabbage,2.402763
S4,31,Carrot,1.2247565
S4,31,Potato,2.8193055
S4,32,Beetroot,1.6176435
S4,32,Cabbage,2.439415
S4,32,Carrot,1.2415865
S4,32,Potato,2.808366
S4,33,Beetroot,1.614745
S4,33,Cabbage,2.5386185
S4,33,Carrot,1.199792
S4,33,Potato,2.950299
S4,34,Beetroot,1.598102
S4,34,Cabbage,2.502247
S4,34,Carrot,1.188759
S4,34,Potato,2.8510955
S4,35,Beetroot,1.567621
S4,35,Cabbage,2.502247
S4,35,Carrot,1.1785675
S4,35,Potato,2.8510955
S4,36,Beetroot,1.486463
S4,36,Cabbage,2.5386185
S4,36,Carrot,1.17436
S4,36,Potato,2.950299
S4,37,Beetroot,1.486463
S4,37,Cabbage,2.439415
S4,37,Carrot,1.17436
S4,37,Potato,2.808366
S4,38,Beetroot,1.567621
S4,38,Cabbage,2.402763
S4,38,Carrot,1.1785675
S4,38,Potato,2.8193055
S4,39,Beetroot,1.598102
S4,39,Cabbage,2.365737
S4,39,Carrot,1.188759
S4,39,Potato,2.7446925
S4,4,Beetroot,1.9963185
S4,4,Cabbage,2.046715
S4,4,Carrot,1.412972
S4,4,Potato,2.30384
S4,40,Beetroot,1.614745
S4,40,Cabbage,2.377518
S4,40,Carrot,1.199792
S4,40,Potato,2.7424485
S4,41,Beetroot,1.6176435
S4,41,Cabbage,2.2929005
S4,41,Carrot,1.2415865
S4,41,Potato,2.711126
S4,42,Beetroot,1.6496205
S4,42,Cabbage,2.3013155
S4,42,Carrot,1.2247565
S4,42,Potato,2.682702
S4,43,Beetroot,1.7563975
S4,43,Cabbage,2.2764445
S4,43,Carrot,1.2595385
S4,43,Potato,2.646798
S4,44,Beetroot,1.7367625
S4,44,Cabbage,2.2771925
S4,44,Carrot,1.244859
S4,44,Potato,2.635204
S4,45,Beetroot,1.7676175
S4,45,Cabbage,2.2727045
S4,45,Carrot,1.26225
S4,45,Potato,2.5861165
S4,46,Beetroot,1.786785
S4,46,Cabbage,2.2553135
S4,46,Carrot,1.2698235
S4,46,Potato,2.579665
S4,47,Beetroot,1.8201645
S4,47,Cabbage,2.2538175
S4,47,Carrot,1.2812305
S4,47,Potato,2.5300165
S4,48,Beetroot,1.8218475
S4,48,Cabbage,2.2265155
S4,48,Carrot,1.30152
S4,48,Potato,2.5264635
S4,49,Beetroot,1.849617
S4,49,Cabbage,2.2115555
S4,49,Carrot,1.34079
S4,49,Potato,2.491027
S4,5,Beetroot,2.009315
S4,5,Cabbage,1.9634065
S4,5,Carrot,1.4461645
S4,5,Potato,2.2669075
S4,50,Beetroot,1.8461575
S4,50,Cabbage,2.208657
S4,50,Carrot,1.309
S4,50,Potato,2.494019
S4,51,Beetroot,1.909083
S4,51,Cabbage,2.1793915
S4,51,Carrot,1.365848
S4,51,Potato,2.40856
S4,52,Beetroot,1.89618
S4,52,Cabbage,2.1911725
S4,52,Carrot,1.3504205
S4,52,Potato,2.447269
S4,6,Beetroot,2.0249295
S4,6,Cabbage,1.9241365
S4,6,Carrot,1.428119
S4,6,Potato,2.1926685
S4,7,Beetroot,2.1318935
S4,7,Cabbage,1.8540115
S4,7,Carrot,1.458974
S4,7,Potato,2.142833
S4,8,Beetroot,2.163029
S4,8,Cabbage,1.721148
S4,8,Carrot,1.4736535
S4,8,Potato,1.96163
S4,9,Beetroot,2.285514
S4,9,Cabbage,1.721148
S4,9,Carrot,1.4779545
S4,9,Potato,1.96163
S5,1,Beetroot,1.9002005
S5,1,Cabbage,0.962489
S5,1,Carrot,0.650573
S5,1,Potato,1.1198495
S5,10,Beetroot,2.0275475
S5,10,Cabbage,1.0224225
S5,10,Carrot,0.7565085
S5,10,Potato,0.84898
S5,11,Beetroot,2.0275475
S5,11,Cabbage,1.026256
S5,11,Carrot,0.7565085
S5,11,Potato,1.026443
S5,12,Beetroot,2.071399
S5,12,Cabbage,1.0607575
S5,12,Carrot,0.7611835
S5,12,Potato,1.0471065
S5,13,Beetroot,2.0243685
S5,13,Cabbage,1.0603835
S5,13,Carrot,0.7090105
S5,13,Potato,1.081421
S5,14,Beetroot,2.020909
S5,14,Cabbage,1.1048895
S5,14,Carrot,0.7204175
S5,14,Potato,1.110406
S5,15,Beetroot,1.9570485
S5,15,Cabbage,1.098064
S5,15,Carrot,0.706486
S5,15,Potato,1.125366
S5,16,Beetroot,1.9473245
S5,16,Cabbage,1.114894
S5,16,Carrot,0.6953595
S5,16,Potato,1.1198495
S5,17,Beetroot,1.945548
S5,17,Cabbage,1.1075075
S5,17,Carrot,0.68068
S5,17,Potato,1.1422895
S5,18,Beetroot,1.9192745
S5,18,Cabbage,1.131163
S5,18,Carrot,0.6903105
S5,18,Potato,1.1437855
S5,19,Beetroot,1.897676
S5,19,Cabbage,1.153977
S5,19,Carrot,1.235458
S5,19,Potato,1.167815
S5,2,Beetroot,1.897676
S5,2,Cabbage,1.1075075
S5,2,Carrot,0.6433735
S5,2,Potato,1.125366
S5,20,Beetroot,1.9002005
S5,20,Cabbage,1.179222
S5,20,Carrot,0.650573
S5,20,Potato,1.17249
S5,21,Beetroot,1.8908505
S5,21,Cabbage,1.1669735
S5,21,Carrot,0.6379505
S5,21,Potato,1.1839905
S5,22,Beetroot,1.865325
S5,22,Cabbage,1.1806245
S5,22,Carrot,0.638044
S5,22,Potato,1.182027
S5,23,Beetroot,1.815957
S5,23,Cabbage,1.185019
S5,23,Carrot,0.6259825
S5,23,Potato,1.2010075
S5,24,Beetroot,1.8291405
S5,24,Cabbage,1.2088615
S5,24,Carrot,0.623458
S5,24,Potato,1.1892265
S5,25,Beetroot,1.786037
S5,25,Cabbage,1.233826
S5,25,Carrot,0.622336
S5,25,Potato,1.2191465
S5,26,Beetroot,1.7664955
S5,26,Cabbage,1.251404
S5,26,Carrot,0.60962
S5,26,Potato,1.212882
S5,27,Beetroot,1.727319
S5,27,Cabbage,1.234761
S5,27,Carrot,0.609059
S5,27,Potato,1.2554245
S5,28,Beetroot,1.7577065
S5,28,Cabbage,1.2625305
S5,28,Carrot,0.594286
S5,28,Potato,1.2602865
S5,29,Beetroot,1.7017
S5,29,Cabbage,1.279267
S5,29,Carrot,0.5700695
S5,29,Potato,1.2817915
S5,3,Beetroot,1.9192745
S5,3,Cabbage,1.114894
S5,3,Carrot,0.6903105
S5,3,Potato,1.110406
S5,30,Beetroot,1.725823
S5,30,Cabbage,1.31835
S5,30,Carrot,0.5889565
S5,30,Potato,1.283381
S5,31,Beetroot,1.687675
S5,31,Cabbage,1.31835
S5,31,Carrot,0.5624025
S5,31,Potato,1.308813
S5,32,Beetroot,1.665235
S5,32,Cabbage,1.3363955
S5,32,Carrot,0.567358
S5,32,Potato,1.309561
S5,33,Beetroot,1.6440105
S5,33,Cabbage,1.340977
S5,33,Carrot,0.541739
S5,33,Potato,1.567995
S5,34,Beetroot,1.6589705
S5,34,Cabbage,1.3565915
S5,34,Carrot,0.5554835
S5,34,Potato,1.436721
S5,35,Beetroot,1.442144
S5,35,Cabbage,1.631014
S5,35,Carrot,0.5027495
S5,35,Potato,1.436721
S5,36,Beetroot,1.5327455
S5,36,Cabbage,1.631014
S5,36,Carrot,0.495363
S5,36,Potato,1.567995
S5,37,Beetroot,1.5327455
S5,37,Cabbage,1.3565915
S5,37,Carrot,0.495363
S5,37,Potato,1.309561
S5,38,Beetroot,1.442144
S5,38,Cabbage,1.340977
S5,38,Carrot,0.5027495
S5,38,Potato,1.308813
S5,39,Beetroot,1.6589705
S5,39,Cabbage,1.3363955
S5,39,Carrot,0.5554835
S5,39,Potato,1.283381
S5,4,Beetroot,1.945548
S5,4,Cabbage,2.1031295
S5,4,Carrot,0.68068
S5,4,Potato,1.081421
S5,40,Beetroot,1.6440105
S5,40,Cabbage,1.31835
S5,40,Carrot,0.541739
S5,40,Potato,1.2817915
S5,41,Beetroot,1.665235
S5,41,Cabbage,1.31835
S5,41,Carrot,0.567358
S5,41,Potato,1.2602865
S5,42,Beetroot,1.687675
S5,42,Cabbage,1.279267
S5,42,Carrot,0.5624025
S5,42,Potato,1.2554245
S5,43,Beetroot,1.725823
S5,43,Cabbage,1.2625305
S5,43,Carrot,0.5889565
S5,43,Potato,1.212882
S5,44,Beetroot,1.7017
S5,44,Cabbage,1.234761
S5,44,Carrot,0.5700695
S5,44,Potato,1.2191465
S5,45,Beetroot,1.7577065
S5,45,Cabbage,1.251404
S5,45,Carrot,0.594286
S5,45,Potato,1.1892265
S5,46,Beetroot,1.727319
S5,46,Cabbage,1.233826
S5,46,Carrot,0.609059
S5,46,Potato,1.2010075
S5,47,Beetroot,1.7664955
S5,47,Cabbage,1.2088615
S5,47,Carrot,0.60962
S5,47,Potato,1.182027
S5,48,Beetroot,1.786037
S5,48,Cabbage,1.185019
S5,48,Carrot,0.622336
S5,48,Potato,1.1839905
S5,49,Beetroot,1.8291405
S5,49,Cabbage,1.1806245
S5,49,Carrot,0.623458
S5,49,Potato,1.17249
S5,5,Beetroot,1.9473245
S5,5,Cabbage,1.1048895
S5,5,Carrot,0.6953595
S5,5,Potato,1.0471065
S5,50,Beetroot,1.815957
S5,50,Cabbage,1.1669735
S5,50,Carrot,0.6259825
S5,50,Potato,1.167815
S5,51,Beetroot,1.865325
S5,51,Cabbage,1.179222
S5,51,Carrot,0.638044
S5,51,Potato,1.1437855
S5,52,Beetroot,1.8908505
S5,52,Cabbage,1.153977
S5,52,Carrot,0.6379505
S5,52,Potato,1.1422895
S5,6,Beetroot,1.9570485
S5,6,Cabbage,1.0603835
S5,6,Carrot,0.706486
S5,6,Potato,1.026443
S5,7,Beetroot,2.020909
S5,7,Cabbage,1.0607575
S5,7,Carrot,0.7204175
S5,7,Potato,0.84898
S5,8,Beetroot,2.0243685
S5,8,Cabbage,1.026256
S5,8,Carrot,0.7090105
S5,8,Potato,1.919946
S5,9,Beetroot,2.071399
S5,9,Cabbage,1.0224225
S5,9,Carrot,0.7611835
S5,9,Potato,1.005686
S6,1,Beetroot,1.5785605
S6,1,Cabbage,1.7096475
S6,1,Carrot,1.13696
S6,1,Potato,3.354219
S6,10,Beetroot,1.820632
S6,10,Cabbage,1.278893
S6,10,Carrot,1.248599
S6,10,Potato,2.9028945
S6,11,Beetroot,1.820632
S6,11,Cabbage,1.651584
S6,11,Carrot,1.248599
S6,11,Potato,3.18648
S6,12,Beetroot,1.766402
S6,12,Cabbage,1.606704
S6,12,Carrot,1.272722
S6,12,Potato,3.0941955
S6,13,Beetroot,1.7066555
S6,13,Cabbage,1.659251
S6,13,Carrot,1.2333585
S6,13,Potato,3.3281325
S6,14,Beetroot,1.7004845
S6,14,Cabbage,1.685431
S6,14,Carrot,1.2111055
S6,14,Potato,3.317567
S6,15,Beetroot,1.619046
S6,15,Cabbage,1.6956225
S6,15,Carrot,1.1974545
S6,15,Potato,3.4150875
S6,16,Beetroot,1.640364
S6,16,Cabbage,1.7096475
S6,16,Carrot,1.185767
S6,16,Potato,3.354219
S6,17,Beetroot,1.5858535
S6,17,Cabbage,1.7259165
S6,17,Carrot,1.144627
S6,17,Potato,3.4461295
S6,18,Beetroot,1.595297
S6,18,Cabbage,1.749572
S6,18,Carrot,1.141822
S6,18,Potato,3.4612765
S6,19,Beetroot,1.5527545
S6,19,Cabbage,1.771077
S6,19,Carrot,1.137147
S6,19,Potato,3.549447
S6,2,Beetroot,1.5527545
S6,2,Cabbage,1.6956225
S6,2,Carrot,1.137147
S6,2,Potato,3.4150875
S6,20,Beetroot,1.5785605
S6,20,Cabbage,1.8188555
S6,20,Carrot,1.13696
S6,20,Potato,3.5551505
S6,21,Beetroot,1.536579
S6,21,Cabbage,1.850926
S6,21,Carrot,1.0667415
S6,21,Potato,3.668192
S6,22,Beetroot,1.5338675
S6,22,Cabbage,1.861398
S6,22,Carrot,1.0579525
S6,22,Potato,3.5787125
S6,23,Beetroot,1.501423
S6,23,Cabbage,1.870748
S6,23,Carrot,1.053932
S6,23,Potato,3.6955875
S6,24,Beetroot,1.5061915
S6,24,Cabbage,1.908522
S6,24,Carrot,1.054119
S6,24,Potato,3.718308
S6,25,Beetroot,1.4826295
S6,25,Cabbage,1.9327385
S6,25,Carrot,1.044208
S6,25,Potato,3.755895
S6,26,Beetroot,1.472438
S6,26,Cabbage,1.954337
S6,26,Carrot,1.0323335
S6,26,Potato,3.7324265
S6,27,Beetroot,1.4657995
S6,27,Cabbage,1.9796755
S6,27,Carrot,1.0070885
S6,27,Potato,3.8317235
S6,28,Beetroot,1.4674825
S6,28,Cabbage,1.9671465
S6,28,Carrot,1.0164385
S6,28,Potato,3.7894615
S6,29,Beetroot,1.43803
S6,29,Cabbage,1.9869685
S6,29,Carrot,0.967538
S6,29,Potato,3.9908605
S6,3,Beetroot,1.595297
S6,3,Cabbage,1.685431
S6,3,Carrot,1.141822
S6,3,Potato,3.317567
S6,30,Beetroot,1.4355055
S6,30,Cabbage,1.9959445
S6,30,Carrot,0.99858
S6,30,Potato,3.924943
S6,31,Beetroot,1.414468
S6,31,Cabbage,2.1049655
S6,31,Carrot,0.9521105
S6,31,Potato,4.095674
S6,32,Beetroot,1.4244725
S6,32,Cabbage,2.0870135
S6,32,Carrot,0.958562
S6,32,Potato,4.0860435
S6,33,Beetroot,1.326952
S6,33,Cabbage,2.327028
S6,33,Carrot,0.9134015
S6,33,Potato,4.148034
S6,34,Beetroot,1.294414
S6,34,Cabbage,2.2311905
S6,34,Carrot,0.926024
S6,34,Potato,4.2332125
S6,35,Beetroot,1.1714615
S6,35,Cabbage,2.2311905
S6,35,Carrot,0.76483
S6,35,Potato,4.2332125
S6,36,Beetroot,1.1838035
S6,36,Cabbage,2.327028
S6,36,Carrot,0.8821725
S6,36,Potato,4.148034
S6,37,Beetroot,1.1838035
S6,37,Cabbage,2.0870135
S6,37,Carrot,0.8821725
S6,37,Potato,4.0860435
S6,38,Beetroot,1.1714615
S6,38,Cabbage,2.1049655
S6,38,Carrot,0.76483
S6,38,Potato,4.095674
S6,39,Beetroot,1.294414
S6,39,Cabbage,1.9959445
S6,39,Carrot,0.926024
S6,39,Potato,3.924943
S6,4,Beetroot,1.5858535
S6,4,Cabbage,1.659251
S6,4,Carrot,1.144627
S6,4,Potato,3.3281325
S6,40,Beetroot,1.326952
S6,40,Cabbage,1.9869685
S6,40,Carrot,0.9134015
S6,40,Potato,3.9908605
S6,41,Beetroot,1.4244725
S6,41,Cabbage,1.9671465
S6,41,Carrot,0.958562
S6,41,Potato,3.7894615
S6,42,Beetroot,1.414468
S6,42,Cabbage,1.9796755
S6,42,Carrot,0.9521105
S6,42,Potato,3.8317235
S6,43,Beetroot,1.4355055
S6,43,Cabbage,1.954337
S6,43,Carrot,0.99858
S6,43,Potato,3.7324265
S6,44,Beetroot,1.43803
S6,44,Cabbage,1.9327385
S6,44,Carrot,0.967538
S6,44,Potato,3.755895
S6,45,Beetroot,1.4674825
S6,45,Cabbage,1.908522
S6,45,Carrot,1.0164385
S6,45,Potato,3.718308
S6,46,Beetroot,1.4657995
S6,46,Cabbage,1.870748
S6,46,Carrot,1.0070885
S6,46,Potato,3.6955875
S6,47,Beetroot,1.472438
S6,47,Cabbage,1.861398
S6,47,Carrot,1.0323335
S6,47,Potato,3.5787125
S6,48,Beetroot,1.4826295
S6,48,Cabbage,1.850926
S6,48,Carrot,1.044208
S6,48,Potato,3.668192
S6,49,Beetroot,1.5061915
S6,49,Cabbage,1.8188555
S6,49,Carrot,1.054119
S6,49,Potato,3.5551505
S6,5,Beetroot,1.640364
S6,5,Cabbage,1.606704
S6,5,Carrot,1.185767
S6,5,Potato,3.0941955
S6,50,Beetroot,1.501423
S6,50,Cabbage,1.771077
S6,50,Carrot,1.053932
S6,50,Potato,3.549447
S6,51,Beetroot,1.5338675
S6,51,Cabbage,1.749572
S6,51,Carrot,1.0579525
S6,51,Potato,3.4612765
S6,52,Beetroot,1.536579
S6,52,Cabbage,1.7259165
S6,52,Carrot,1.0667415
S6,52,Potato,3.4461295
S6,6,Beetroot,1.619046
S6,6,Cabbage,1.651584
S6,6,Carrot,1.1974545
S6,6,Potato,3.18648
S6,7,Beetroot,1.7004845
S6,7,Cabbage,1.278893
S6,7,Carrot,1.2111055
S6,7,Potato,2.9028945
S6,8,Beetroot,1.7066555
S6,8,Cabbage,1.4566365
S6,8,Carrot,1.2333585
S6,8,Potato,2.8449245
S6,9,Beetroot,1.766402
S6,9,Cabbage,1.4566365
S6,9,Carrot,1.272722
S6,9,Potato,2.8449245
S7,1,Beetroot,1.276836
S7,1,Cabbage,1.453738
S7,1,Carrot,0.789327
S7,1,Potato,1.969297
S7,10,Beetroot,1.431672
S7,10,Cabbage,1.3324685
S7,10,Carrot,0.8997505
S7,10,Potato,1.759109
S7,11,Beetroot,1.431672
S7,11,Cabbage,1.366222
S7,11,Carrot,0.8997505
S7,11,Potato,1.824933
S7,12,Beetroot,1.4151225
S7,12,Cabbage,1.394085
S7,12,Carrot,0.947342
S7,12,Potato,1.7663085
S7,13,Beetroot,1.374824
S7,13,Cabbage,1.4171795
S7,13,Carrot,0.851598
S7,13,Potato,1.89805
S7,14,Beetroot,1.3470545
S7,14,Cabbage,1.4482215
S7,14,Carrot,0.854403
S7,14,Potato,1.829608
S7,15,Beetroot,1.297032
S7,15,Cabbage,1.461218
S7,15,Carrot,0.8356095
S7,15,Potato,1.93732
S7,16,Beetroot,1.3231185
S7,16,Cabbage,1.453738
S7,16,Carrot,0.836825
S7,16,Potato,1.969297
S7,17,Beetroot,1.2842225
S7,17,Cabbage,1.489642
S7,17,Carrot,0.8230805
S7,17,Potato,2.0206285
S7,18,Beetroot,1.284129
S7,18,Cabbage,1.476365
S7,18,Carrot,0.835142
S7,18,Potato,2.0009935
S7,19,Beetroot,1.275901
S7,19,Cabbage,1.529473
S7,19,Carrot,0.795311
S7,19,Potato,2.0516705
S7,2,Beetroot,1.275901
S7,2,Cabbage,1.461218
S7,2,Carrot,0.795311
S7,2,Potato,1.93732
S7,20,Beetroot,1.276836
S7,20,Cabbage,1.527977
S7,20,Carrot,0.789327
S7,20,Potato,2.05326
S7,21,Beetroot,1.2582295
S7,21,Cabbage,1.548734
S7,21,Carrot,0.757163
S7,21,Potato,2.120019
S7,22,Beetroot,1.2324235
S7,22,Cabbage,1.5447135
S7,22,Carrot,0.763895
S7,22,Potato,2.1197385
S7,23,Beetroot,1.190255
S7,23,Cabbage,1.557523
S7,23,Carrot,0.7323855
S7,23,Potato,2.136849
S7,24,Beetroot,1.2028775
S7,24,Cabbage,1.5624785
S7,24,Carrot,0.733788
S7,24,Potato,2.1354465
S7,25,Beetroot,1.1892265
S7,25,Cabbage,1.5798695
S7,25,Carrot,0.724064
S7,25,Potato,2.1653665
S7,26,Beetroot,1.1596805
S7,26,Cabbage,1.5922115
S7,26,Carrot,0.7206045
S7,26,Potato,2.155362
S7,27,Beetroot,1.13509
S7,27,Cabbage,1.629331
S7,27,Carrot,0.7078885
S7,27,Potato,2.265318
S7,28,Beetroot,1.152481
S7,28,Cabbage,1.623534
S7,28,Carrot,0.710974
S7,28,Potato,2.2407275
S7,29,Beetroot,1.083291
S7,29,Cabbage,1.664861
S7,29,Carrot,0.6977905
S7,29,Potato,2.289628
S7,3,Beetroot,1.284129
S7,3,Cabbage,1.4482215
S7,3,Carrot,0.835142
S7,3,Potato,1.829608
S7,30,Beetroot,1.1088165
S7,30,Cabbage,1.668601
S7,30,Carrot,0.6964815
S7,30,Potato,2.2756965
S7,31,Beetroot,1.081047
S7,31,Cabbage,1.6769225
S7,31,Carrot,0.6852615
S7,31,Potato,2.3740585
S7,32,Beetroot,1.065713
S7,32,Cabbage,1.702074
S7,32,Carrot,0.6742285
S7,32,Potato,2.3725625
S7,33,Beetroot,1.0443015
S7,33,Cabbage,1.7949195
S7,33,Carrot,0.6615125
S7,33,Potato,2.4724205
S7,34,Beetroot,1.050192
S7,34,Cabbage,1.7444295
S7,34,Carrot,0.654874
S7,34,Potato,2.547501
S7,35,Beetroot,1.0190565
S7,35,Cabbage,1.7444295
S7,35,Carrot,0.607563
S7,35,Potato,2.547501
S7,36,Beetroot,1.0160645
S7,36,Cabbage,1.7949195
S7,36,Carrot,0.6319665
S7,36,Potato,2.4724205
S7,37,Beetroot,1.0160645
S7,37,Cabbage,1.702074
S7,37,Carrot,0.6319665
S7,37,Potato,2.3725625
S7,38,Beetroot,1.0190565
S7,38,Cabbage,1.6769225
S7,38,Carrot,0.607563
S7,38,Potato,2.3740585
S7,39,Beetroot,1.050192
S7,39,Cabbage,1.668601
S7,39,Carrot,0.654874
S7,39,Potato,2.2756965
S7,4,Beetroot,1.2842225
S7,4,Cabbage,1.4171795
S7,4,Carrot,0.8230805
S7,4,Potato,1.89805
S7,40,Beetroot,1.0443015
S7,40,Cabbage,1.664861
S7,40,Carrot,0.6615125
S7,40,Potato,2.289628
S7,41,Beetroot,1.065713
S7,41,Cabbage,1.623534
S7,41,Carrot,0.6742285
S7,41,Potato,2.2407275
S7,42,Beetroot,1.081047
S7,42,Cabbage,1.629331
S7,42,Carrot,0.6852615
S7,42,Potato,2.265318
S7,43,Beetroot,1.1088165
S7,43,Cabbage,1.5922115
S7,43,Carrot,0.6964815
S7,43,Potato,2.155362
S7,44,Beetroot,1.083291
S7,44,Cabbage,1.5798695
S7,44,Carrot,0.6977905
S7,44,Potato,2.1653665
S7,45,Beetroot,1.152481
S7,45,Cabbage,1.5624785
S7,45,Carrot,0.710974
S7,45,Potato,2.1354465
S7,46,Beetroot,1.13509
S7,46,Cabbage,1.557523
S7,46,Carrot,0.7078885
S7,46,Potato,2.136849
S7,47,Beetroot,1.1596805
S7,47,Cabbage,1.5447135
S7,47,Carrot,0.7206045
S7,47,Potato,2.1197385
S7,48,Beetroot,1.1892265
S7,48,Cabbage,1.548734
S7,48,Carrot,0.724064
S7,48,Potato,2.120019
S7,49,Beetroot,1.2028775
S7,49,Cabbage,1.527977
S7,49,Carrot,0.733788
S7,49,Potato,2.05326
S7,5,Beetroot,1.3231185
S7,5,Cabbage,1.394085
S7,5,Carrot,0.836825
S7,5,Potato,1.7663085
S7,50,Beetroot,1.190255
S7,50,Cabbage,1.529473
S7,50,Carrot,0.7323855
S7,50,Potato,2.0516705
S7,51,Beetroot,1.2324235
S7,51,Cabbage,1.476365
S7,51,Carrot,0.763895
S7,51,Potato,2.0009935
S7,52,Beetroot,1.2582295
S7,52,Cabbage,1.489642
S7,52,Carrot,0.757163
S7,52,Potato,2.0206285
S7,6,Beetroot,1.297032
S7,6,Cabbage,1.366222
S7,6,Carrot,0.8356095
S7,6,Potato,1.824933
S7,7,Beetroot,1.3470545
S7,7,Cabbage,1.3324685
S7,7,Carrot,0.854403
S7,7,Potato,1.759109
S7,8,Beetroot,1.374824
S7,8,Cabbage,1.300772
S7,8,Carrot,0.851598
S7,8,Potato,1.5417215
S7,9,Beetroot,1.4151225
S7,9,Cabbage,1.300772
S7,9,Carrot,0.947342
S7,9,Potato,1.5417215
S8,1,Beetroot,1.968175
S8,1,Cabbage,1.2531805
S8,1,Carrot,0.707421
S8,1,Potato,1.271039
S8,10,Beetroot,2.2932745
S8,10,Cabbage,1.098251
S8,10,Carrot,0.7823145
S8,10,Potato,1.0942305
S8,11,Beetroot,2.2932745
S8,11,Cabbage,1.1783805
S8,11,Carrot,0.7823145
S8,11,Potato,1.1624855
S8,12,Beetroot,2.321418
S8,12,Cabbage,1.174173
S8,12,Carrot,0.7725905
S8,12,Potato,1.1963325
S8,13,Beetroot,2.087481
S8,13,Cabbage,1.2075525
S8,13,Carrot,0.7673545
S8,13,Potato,1.197735
S8,14,Beetroot,2.0866395
S8,14,Cabbage,1.2389685
S8,14,Carrot,0.7464105
S8,14,Potato,1.2068045
S8,15,Beetroot,2.0742975
S8,15,Cabbage,1.2556115
S8,15,Carrot,0.731357
S8,15,Potato,2.417944
S8,16,Beetroot,2.082619
S8,16,Cabbage,1.2531805
S8,16,Carrot,0.726495
S8,16,Potato,1.271039
S8,17,Beetroot,2.0148315
S8,17,Cabbage,1.3019875
S8,17,Carrot,0.722755
S8,17,Potato,1.2823525
S8,18,Beetroot,2.036243
S8,18,Cabbage,1.2986215
S8,18,Carrot,0.723503
S8,18,Potato,1.2724415
S8,19,Beetroot,1.9714475
S8,19,Cabbage,1.317602
S8,19,Carrot,0.7039615
S8,19,Potato,1.333497
S8,2,Beetroot,1.9714475
S8,2,Cabbage,1.2556115
S8,2,Carrot,0.7039615
S8,2,Potato,1.2615955
S8,20,Beetroot,1.968175
S8,20,Cabbage,1.323025
S8,20,Carrot,0.707421
S8,20,Potato,1.3244275
S8,21,Beetroot,1.9411535
S8,21,Cabbage,1.339668
S8,21,Carrot,0.6944245
S8,21,Potato,1.3560305
S8,22,Beetroot,1.9404055
S8,22,Cabbage,1.339668
S8,22,Carrot,0.677314
S8,22,Potato,1.349205
S8,23,Beetroot,1.897676
S8,23,Cabbage,1.354254
S8,23,Carrot,0.6600165
S8,23,Potato,1.3949265
S8,24,Beetroot,1.8910375
S8,24,Cabbage,1.3575265
S8,24,Carrot,0.6710495
S8,24,Potato,1.3620145
S8,25,Beetroot,1.8766385
S8,25,Cabbage,1.379499
S8,25,Carrot,0.644589
S8,25,Potato,1.409232
S8,26,Beetroot,1.877854
S8,26,Cabbage,1.3709905
S8,26,Carrot,0.6504795
S8,26,Potato,1.395207
S8,27,Beetroot,1.8530765
S8,27,Cabbage,1.4067075
S8,27,Carrot,0.6386985
S8,27,Potato,1.459161
S8,28,Beetroot,1.8442875
S8,28,Cabbage,1.428493
S8,28,Carrot,0.638044
S8,28,Potato,1.4577585
S8,29,Beetroot,1.806794
S8,29,Cabbage,1.4407415
S8,29,Carrot,0.623084
S8,29,Potato,1.4611245
S8,3,Beetroot,2.036243
S8,3,Cabbage,1.2389685
S8,3,Carrot,0.723503
S8,3,Potato,1.2068045
S8,30,Beetroot,1.834844
S8,30,Cabbage,1.4351315
S8,30,Carrot,0.615604
S8,30,Potato,1.464771
S8,31,Beetroot,1.7973505
S8,31,Cabbage,1.478048
S8,31,Carrot,0.587741
S8,31,Potato,1.4996465
S8,32,Beetroot,1.7898705
S8,32,Cabbage,1.4536445
S8,32,Carrot,0.5988675
S8,32,Potato,1.5183465
S8,33,Beetroot,1.749572
S8,33,Cabbage,1.5411605
S8,33,Carrot,0.5751185
S8,33,Potato,1.6372785
S8,34,Beetroot,1.745084
S8,34,Cabbage,1.4957195
S8,34,Carrot,0.5590365
S8,34,Potato,1.5587385
S8,35,Beetroot,1.4886135
S8,35,Cabbage,1.4957195
S8,35,Carrot,0.5551095
S8,35,Potato,1.5587385
S8,36,Beetroot,1.662056
S8,36,Cabbage,1.5411605
S8,36,Carrot,0.5193925
S8,36,Potato,1.6372785
S8,37,Beetroot,1.662056
S8,37,Cabbage,1.4536445
S8,37,Carrot,0.5193925
S8,37,Potato,1.5183465
S8,38,Beetroot,1.4886135
S8,38,Cabbage,1.478048
S8,38,Carrot,0.5551095
S8,38,Potato,1.4996465
S8,39,Beetroot,1.745084
S8,39,Cabbage,1.4351315
S8,39,Carrot,0.5590365
S8,39,Potato,1.464771
S8,4,Beetroot,2.0148315
S8,4,Cabbage,1.2075525
S8,4,Carrot,0.722755
S8,4,Potato,1.197735
S8,40,Beetroot,1.749572
S8,40,Cabbage,1.4407415
S8,40,Carrot,0.5751185
S8,40,Potato,1.4611245
S8,41,Beetroot,1.7898705
S8,41,Cabbage,1.428493
S8,41,Carrot,0.5988675
S8,41,Potato,1.4577585
S8,42,Beetroot,1.7973505
S8,42,Cabbage,1.4067075
S8,42,Carrot,0.587741
S8,42,Potato,1.459161
S8,43,Beetroot,1.834844
S8,43,Cabbage,1.3709905
S8,43,Carrot,0.615604
S8,43,Potato,1.395207
S8,44,Beetroot,1.806794
S8,44,Cabbage,1.379499
S8,44,Carrot,0.623084
S8,44,Potato,1.409232
S8,45,Beetroot,1.8442875
S8,45,Cabbage,1.3575265
S8,45,Carrot,0.638044
S8,45,Potato,1.3620145
S8,46,Beetroot,1.8530765
S8,46,Cabbage,1.354254
S8,46,Carrot,0.6386985
S8,46,Potato,1.3949265
S8,47,Beetroot,1.877854
S8,47,Cabbage,1.339668
S8,47,Carrot,0.6504795
S8,47,Potato,1.349205
S8,48,Beetroot,1.8766385
S8,48,Cabbage,1.339668
S8,48,Carrot,0.644589
S8,48,Potato,1.3560305
S8,49,Beetroot,1.8910375
S8,49,Cabbage,1.323025
S8,49,Carrot,0.6710495
S8,49,Potato,1.3244275
S8,5,Beetroot,2.082619
S8,5,Cabbage,1.174173
S8,5,Carrot,0.726495
S8,5,Potato,1.1963325
S8,50,Beetroot,1.897676
S8,50,Cabbage,1.317602
S8,50,Carrot,0.6600165
S8,50,Potato,1.333497
S8,51,Beetroot,1.9404055
S8,51,Cabbage,1.2986215
S8,51,Carrot,0.677314
S8,51,Potato,1.2724415
S8,52,Beetroot,1.9411535
S8,52,Cabbage,1.3019875
S8,52,Carrot,0.6944245
S8,52,Potato,1.2823525
S8,6,Beetroot,2.0742975
S8,6,Cabbage,1.1783805
S8,6,Carrot,0.731357
S8,6,Potato,1.1624855
S8,7,Beetroot,2.0866395
S8,7,Cabbage,1.098251
S8,7,Carrot,0.7464105
S8,7,Potato,1.0942305
S8,8,Beetroot,2.087481
S8,8,Cabbage,1.0270975
S8,8,Carrot,0.7673545
S8,8,Potato,1.1293865
S8,9,Beetroot,2.321418
S8,9,Cabbage,1.0270975
S8,9,Carrot,0.7725905
S8,9,Potato,1.1293865
S9,1,Beetroot,1.838397
S9,1,Cabbage,1.807355
S9,1,Carrot,1.4667345
S9,1,Potato,1.8465315
S9,10,Beetroot,2.0703705
S9,10,Cabbage,1.6286765
S9,10,Carrot,1.710489
S9,10,Potato,1.71479
S9,11,Beetroot,2.0703705
S9,11,Cabbage,1.683748
S9,11,Carrot,1.710489
S9,11,Potato,1.7304045
S9,12,Beetroot,2.2786885
S9,12,Cabbage,1.7580805
S9,12,Carrot,1.6481245
S9,12,Potato,1.7765
S9,13,Beetroot,1.9692035
S9,13,Cabbage,1.786224
S9,13,Carrot,1.5920245
S9,13,Potato,1.7889355
S9,14,Beetroot,2.0685005
S9,14,Cabbage,1.77089
S9,14,Carrot,1.609135
S9,14,Potato,1.786598
S9,15,Beetroot,1.9463895
S9,15,Cabbage,1.8730855
S9,15,Carrot,1.5299405
S9,15,Potato,1.8706545
S9,16,Beetroot,1.921238
S9,16,Cabbage,1.807355
S9,16,Carrot,1.5755685
S9,16,Potato,1.8465315
S9,17,Beetroot,1.915628
S9,17,Cabbage,1.87748
S9,17,Carrot,1.52966
S9,17,Potato,1.875984
S9,18,Beetroot,1.917872
S9,18,Cabbage,1.902164
S9,18,Carrot,1.510586
S9,18,Potato,1.873927
S9,19,Beetroot,1.8568165
S9,19,Cabbage,1.953215
S9,19,Carrot,1.4798245
S9,19,Potato,1.894123
S9,2,Beetroot,1.8568165
S9,2,Cabbage,1.8730855
S9,2,Carrot,1.4798245
S9,2,Potato,1.8706545
S9,20,Beetroot,1.838397
S9,20,Cabbage,1.928531
S9,20,Carrot,1.4667345
S9,20,Potato,1.906465
S9,21,Beetroot,1.788842
S9,21,Cabbage,1.9570485
S9,21,Carrot,1.44177
S9,21,Potato,1.933019
S9,22,Beetroot,1.779679
S9,22,Cabbage,1.976029
S9,22,Carrot,1.4478475
S9,22,Potato,1.9314295
S9,23,Beetroot,1.7044115
S9,23,Cabbage,2.007819
S9,23,Carrot,1.430924
S9,23,Potato,1.962004
S9,24,Beetroot,1.766402
S9,24,Cabbage,1.985379
S9,24,Carrot,1.4315785
S9,24,Potato,1.9557395
S9,25,Beetroot,1.691789
S9,25,Cabbage,2.0574675
S9,25,Carrot,1.4100735
S9,25,Potato,1.9705125
S9,26,Beetroot,1.6924435
S9,26,Cabbage,2.0531665
S9,26,Carrot,1.399134
S9,26,Potato,1.998282
S9,27,Beetroot,1.6836545
S9,27,Cabbage,2.111978
S9,27,Carrot,1.3880075
S9,27,Potato,2.07944
S9,28,Beetroot,1.6815975
S9,28,Cabbage,2.1085185
S9,28,Carrot,1.3924955
S9,28,Potato,2.0929975
S9,29,Beetroot,1.635315
S9,29,Cabbage,2.122824
S9,29,Carrot,1.340416
S9,29,Potato,2.1131
S9,3,Beetroot,1.917872
S9,3,Cabbage,1.77089
S9,3,Carrot,1.510586
S9,3,Potato,1.786598
S9,30,Beetroot,1.676081
S9,30,Cabbage,2.125255
S9,30,Carrot,1.3373305
S9,30,Potato,2.0999165
S9,31,Beetroot,1.5748205
S9,31,Cabbage,2.210901
S9,31,Carrot,1.3236795
S9,31,Potato,2.18229
S9,32,Beetroot,1.5755685
S9,32,Cabbage,2.149191
S9,32,Carrot,1.326765
S9,32,Potato,2.2283855
S9,33,Beetroot,1.541815
S9,33,Cabbage,2.3931325
S9,33,Carrot,1.3113375
S9,33,Potato,2.2697125
S9,34,Beetroot,1.540506
S9,34,Cabbage,2.2631675
S9,34,Carrot,1.3216225
S9,34,Potato,2.420341
S9,35,Beetroot,1.5144195
S9,35,Cabbage,2.2631675
S9,35,Carrot,1.2488795
S9,35,Potato,2.420341
S9,36,Beetroot,1.3852025
S9,36,Cabbage,2.3931325
S9,36,Carrot,1.206337
S9,36,Potato,2.2697125
S9,37,Beetroot,1.3852025
S9,37,Cabbage,2.149191
S9,37,Carrot,1.206337
S9,37,Potato,2.2283855
S9,38,Beetroot,1.5144195
S9,38,Cabbage,2.210901
S9,38,Carrot,1.2488795
S9,38,Potato,2.18229
S9,39,Beetroot,1.540506
S9,39,Cabbage,2.125255
S9,39,Carrot,1.3216225
S9,39,Potato,2.0999165
S9,4,Beetroot,1.915628
S9,4,Cabbage,1.786224
S9,4,Carrot,1.52966
S9,4,Potato,1.7889355
S9,40,Beetroot,1.541815
S9,40,Cabbage,2.122824
S9,40,Carrot,1.3113375
S9,40,Potato,2.1131
S9,41,Beetroot,1.5755685
S9,41,Cabbage,2.1085185
S9,41,Carrot,1.326765
S9,41,Potato,2.0929975
S9,42,Beetroot,1.5748205
S9,42,Cabbage,2.111978
S9,42,Carrot,1.3236795
S9,42,Potato,2.07944
S9,43,Beetroot,1.676081
S9,43,Cabbage,2.0531665
S9,43,Carrot,1.3373305
S9,43,Potato,1.998282
S9,44,Beetroot,1.635315
S9,44,Cabbage,2.0574675
S9,44,Carrot,1.340416
S9,44,Potato,1.9705125
S9,45,Beetroot,1.6815975
S9,45,Cabbage,1.985379
S9,45,Carrot,1.3924955
S9,45,Potato,1.9557395
S9,46,Beetroot,1.6836545
S9,46,Cabbage,2.007819
S9,46,Carrot,1.3880075
S9,46,Potato,1.962004
S9,47,Beetroot,1.6924435
S9,47,Cabbage,1.976029
S9,47,Carrot,1.399134
S9,47,Potato,1.9314295
S9,48,Beetroot,1.691789
S9,48,Cabbage,1.9570485
S9,48,Carrot,1.4100735
S9,48,Potato,1.933019
S9,49,Beetroot,1.766402
S9,49,Cabbage,1.928531
S9,49,Carrot,1.4315785
S9,49,Potato,1.906465
S9,5,Beetroot,1.921238
S9,5,Cabbage,1.7580805
S9,5,Carrot,1.5755685
S9,5,Potato,1.7765
S9,50,Beetroot,1.7044115
S9,50,Cabbage,1.953215
S9,50,Carrot,1.430924
S9,50,Potato,1.894123
S9,51,Beetroot,1.779679
S9,51,Cabbage,1.902164
S9,51,Carrot,1.4478475
S9,51,Potato,1.873927
S9,52,Beetroot,1.788842
S9,52,Cabbage,1.87748
S9,52,Carrot,1.44177
S9,52,Potato,1.875984
S9,6,Beetroot,1.9463895
S9,6,Cabbage,1.683748
S9,6,Carrot,1.5299405
S9,6,Potato,1.7304045
S9,7,Beetroot,2.0685005
S9,7,Cabbage,1.6286765
S9,7,Carrot,1.609135
S9,7,Potato,1.71479
S9,8,Beetroot,1.9692035
S9,8,Cabbage,1.614745
S9,8,Carrot,1.5920245
S9,8,Potato,1.725449
S9,9,Beetroot,2.2786885
S9,9,Cabbage,1.614745
S9,9,Carrot,1.6481245
S9,9,Potato,1.725449
